id,site_eui
75757,223.52510993691726
75758,206.77912431015199
75759,253.89983559999177
75760,225.72520188584457
75761,231.73652813241858
75762,231.28917781129093
75763,230.62777983187272
75764,220.03149325730095
75765,201.6491831767168
75766,241.24213067654154
75767,216.66278718081725
75768,202.28265460567252
75769,260.9616147755024
75770,247.81800278843332
75771,240.89916427144323
75772,259.34408618527857
75773,261.9091122223372
75774,247.89958465759042
75775,290.8259865364985
75776,288.5769000778111
75777,272.0533079088368
75778,301.86460660209497
75779,290.3075633368375
75780,292.05156153808275
75781,289.42465724489495
75782,288.30467682058753
75783,294.81165193469155
75784,255.49573046656928
75785,267.21576057303673
75786,293.50316578155986
75787,269.9958193965187
75788,287.87116057253326
75789,292.0988145053657
75790,325.6133770546098
75791,262.73399862587667
75792,282.65067624341606
75793,274.94455032257895
75794,293.88813498563957
75795,279.42973582059443
75796,279.86097801688214
75797,284.84709777387997
75798,305.847332656827
75799,290.60024160017116
75800,257.9013298201306
75801,301.8933183642353
75802,277.4037769684614
75803,280.3548135700059
75804,285.02669349764636
75805,273.29259401742445
75806,195.09341059670646
75807,164.8101839449074
75808,190.92372007549102
75809,157.77759995439357
75810,165.31560403678884
75811,180.9851447025896
75812,192.1284381858972
75813,206.1029848167417
75814,206.27137365363052
75815,224.24519042718396
75816,221.9320049313401
75817,146.93326311053215
75818,188.89206623817654
75819,212.79792864411206
75820,203.88707754402736
75821,180.39726598993525
75822,171.5675451257141
75823,173.32544727451113
75824,152.71800753263574
75825,204.4701911217062
75826,181.7137052106109
75827,47.044614503874826
75828,47.49843340106345
75829,47.624407475688756
75830,54.182440397474544
75831,111.08611278790336
75832,111.14591546365803
75833,134.25692317000102
75834,129.61578424010406
75835,124.40246383570287
75836,54.107763630883255
75837,52.91084281268685
75838,52.680292404317
75839,53.577089900968986
75840,53.46497826761471
75841,60.118883354655146
75842,52.73383429091737
75843,52.93632464269015
75844,60.80099722325461
75845,100.9115012245836
75846,53.462615613748596
75847,53.87028668688153
75848,54.06769800353837
75849,52.656777640530194
75850,53.069165829075516
75851,52.66391151001116
75852,52.94158473576809
75853,53.45434554208269
75854,53.454925114468224
75855,53.00145912695325
75856,53.875575397535926
75857,63.6829358542747
75858,54.58839157875934
75859,53.55896407160779
75860,53.56920218440787
75861,117.86503370723993
75862,-0.062339069954575166
75863,9.90919315240238
75864,-15.81672870523495
75865,25.63225747454657
75866,1.869037350995029
75867,-14.098491229890087
75868,-12.661214734950235
75869,-14.83195818477408
75870,61.45433666433461
75871,77.26967052693199
75872,110.54921248017705
75873,116.56767193107713
75874,76.33510660770719
75875,113.87782055918832
75876,74.43871929972354
75877,74.48832830936757
75878,74.6792227481175
75879,74.6435268510526
75880,120.41626166661213
75881,103.7999474192002
75882,126.75348748295075
75883,149.1377050282091
75884,106.8585203665324
75885,149.04915828457223
75886,57.41199968405182
75887,66.09793589974014
75888,92.50792398459352
75889,57.54410013457131
75890,88.7457513303362
75891,13.673490178135083
75892,-19.74020633590264
75893,-6.393958997536728
75894,-23.081714875183977
75895,18.952271804742182
75896,21.642972962199266
75897,-32.81579239628475
75898,18.207481557704924
75899,0.8010592255407829
75900,-8.318688052667099
75901,-37.150090561724184
75902,-31.138791826330348
75903,-7.776515083121453
75904,-10.192274461299277
75905,29.481026380097532
75906,-30.4434453879163
75907,-0.1091399138444018
75908,-29.561628896540682
75909,-29.243344789419197
75910,39.674434999048074
75911,11.156823492715617
75912,-15.972976415439618
75913,-21.50610746324348
75914,-9.200229720343273
75915,-5.519479247200749
75916,-16.92267360182153
75917,-38.177312521479465
75918,-4.716385217519061
75919,28.602618843462054
75920,4.222998182472637
75921,-5.130576650602265
75922,5.722002584377279
75923,-4.568804501465124
75924,-25.866076421122827
75925,71.74633634789251
75926,117.42897039100922
75927,116.50535538919058
75928,116.98476522311964
75929,56.49127082792392
75930,126.05289609380235
75931,68.53026893171827
75932,60.127649605689236
75933,67.347835062542
75934,47.85424738585207
75935,61.949837079824086
75936,159.48499416467217
75937,141.23155164755843
75938,181.42685654077815
75939,129.58575313315305
75940,124.41640087040263
75941,176.76056675662
75942,180.53395499975386
75943,201.4937909583777
75944,160.6760564171234
75945,204.3104216312015
75946,172.22624829806688
75947,178.07722204402108
75948,162.5082874770688
75949,147.6880085073684
75950,152.5987645380194
75951,204.00801593475506
75952,192.3739346968209
75953,203.63819780488876
75954,151.78646243351665
75955,174.61816125147521
75956,124.55600674431211
75957,50.42142052996509
75958,19.448912357268014
75959,90.84775115015601
75960,35.107852580961676
75961,97.78026036614015
75962,92.85860201327053
75963,82.08915183664375
75964,46.63264476583204
75965,85.2948755872551
75966,64.52615655223435
75967,96.28997027790955
75968,86.28499540947324
75969,91.42072142942818
75970,64.56317332117153
75971,54.66246488289194
75972,111.05309356065997
75973,37.82755835942159
75974,53.55341177088401
75975,102.27975510220584
75976,112.30548310995896
75977,22.867095796470338
75978,-4.100839017266097
75979,-28.046734466960615
75980,-21.776902234428135
75981,-29.620463337627925
75982,-17.28420125493652
75983,69.5262198582751
75984,71.73662512978059
75985,60.43192933952403
75986,83.63176777184025
75987,42.683786447335436
75988,63.795877142249864
75989,65.27568410655768
75990,48.48605807807219
75991,121.19447506248933
75992,71.352371849807
75993,91.48551570749011
75994,80.26496452959985
75995,121.95728708356818
75996,110.33526993083929
75997,103.87414419277407
75998,60.852127088950525
75999,53.588703416969125
76000,54.3750950657561
76001,63.166717663387985
76002,37.75908904204836
76003,-20.640816252235638
76004,2.4047626525095467
76005,16.560949816385502
76006,-19.638292637588947
76007,-30.43590016162277
76008,12.682050997961724
76009,-30.93301472689403
76010,-47.549293486386304
76011,-9.232910391068444
76012,-36.99271635624477
76013,-36.88895071651116
76014,-20.500824821437433
76015,15.151120775694224
76016,-26.635620308324278
76017,17.7622483619552
76018,-22.159816539357323
76019,-36.97303461038102
76020,-23.97495019095099
76021,-20.411178058663367
76022,-2.989313145590856
76023,-49.489184362305295
76024,-58.04722781015265
76025,96.41244849359863
76026,95.15841882268538
76027,160.57414575526772
76028,177.82712928683276
76029,172.55356363598673
76030,172.1771109614046
76031,-17.869944938298033
76032,-17.989508850099952
76033,-18.11693785495264
76034,-17.232535793273826
76035,46.30465870344061
76036,46.354378294342084
76037,46.317024477296556
76038,46.32663450540262
76039,58.25979526539908
76040,58.65512320118238
76041,58.553498704614654
76042,59.88601760948863
76043,58.53201838433877
76044,64.44155544381564
76045,59.89528268712368
76046,58.542686480981644
76047,64.39095114639196
76048,71.31808116173902
76049,64.50068130856798
76050,59.868982623495896
76051,58.61033270469332
76052,58.211367489525
76053,-32.833365394462405
76054,-49.5806599294783
76055,-51.85053625391207
76056,-32.84202330023042
76057,-51.921557866815405
76058,-32.700594457681106
76059,-49.56721982966114
76060,-49.40565260324051
76061,-32.6849230123842
76062,-49.257069418552774
76063,-49.52253033244325
76064,-32.9241988218793
76065,-62.16556180170208
76066,-33.05437535393345
76067,-6.142722751529547
76068,-58.01091652257766
76069,-48.60592038002663
76070,-35.21029251798181
76071,-32.917896282436644
76072,54.69245485532866
76073,55.491889662679185
76074,55.689924136988864
76075,55.49939419325881
76076,54.62652621856061
76077,54.61843320418562
76078,55.478955090481946
76079,55.96068469103801
76080,54.66027390085064
76081,55.717242928228615
76082,56.041324993575614
76083,54.99445083080843
76084,55.03987266428325
76085,54.95685546628761
76086,54.66236561174611
76087,55.093931421188685
76088,56.088854321958735
76089,55.13260386202171
76090,55.932670025502674
76091,55.8800116290973
76092,55.92001757848122
76093,119.62177679258666
76094,119.55592027482011
76095,138.83707827981834
76096,141.37310774587894
76097,141.4409082527514
76098,138.1360398039959
76099,138.68818951117584
76100,137.20934615572952
76101,138.06397819882835
76102,138.80087751160357
76103,137.20650857464705
76104,137.30631081155127
76105,138.98089012178013
76106,131.7692934939407
76107,132.78371153372228
76108,132.78335710495267
76109,132.03886275154008
76110,132.16053855693775
76111,131.91323539365294
76112,132.4507550592587
76113,132.13040566898593
76114,144.4001122647578
76115,131.6812695479885
76116,132.68812700285082
76117,137.47476089267838
76118,132.01300012284548
76119,134.40656447887022
76120,144.7995846920099
76121,131.88127290058515
76122,23.97072980794165
76123,40.20138063325665
76124,24.615063877319457
76125,40.573046499413934
76126,40.53592187999551
76127,23.888932223267417
76128,40.453033144541806
76129,41.39947440215441
76130,40.41453926729305
76131,40.74497177209055
76132,23.870390678512095
76133,24.036968364982258
76134,40.430453907646225
76135,25.808865852668575
76136,24.31372777554303
76137,23.90812396442614
76138,40.68259987155476
76139,12.495000890922043
76140,40.73654610213693
76141,40.841119361930836
76142,41.7879000502338
76143,40.759341459192555
76144,40.392726224189985
76145,69.06483324869602
76146,41.31636368435481
76147,40.78696467431452
76148,24.24595767634885
76149,23.98389776301572
76150,40.537570606755835
76151,40.82390187628697
76152,40.43962396420393
76153,23.991390703229186
76154,40.489238679945785
76155,40.55608552092157
76156,40.97326387116284
76157,23.871867950439324
76158,40.58633936328694
76159,23.9021006010572
76160,41.03063689606962
76161,23.855386878024476
76162,40.705429440276774
76163,24.782836517815824
76164,40.727567748396794
76165,40.780678273175866
76166,40.94640314727512
76167,40.391932850741696
76168,23.8609387494795
76169,38.272320086638175
76170,40.720150805759104
76171,38.26739945336915
76172,42.368176410275495
76173,40.38942081648666
76174,38.267345680389
76175,24.01938152077126
76176,40.27218938243318
76177,40.70344783719362
76178,40.32531283741788
76179,40.41806482030843
76180,40.71994558778421
76181,23.873191374917454
76182,40.55426119134374
76183,44.50904425247349
76184,40.71655687681074
76185,40.386666577030226
76186,23.89304314385133
76187,40.219203182959816
76188,38.312508086728954
76189,40.54604924660249
76190,23.86840238830287
76191,40.73644103425205
76192,39.950310485638866
76193,40.445424200353685
76194,40.676209779635926
76195,23.949151142207782
76196,40.509429040546664
76197,40.30755979904542
76198,40.54406578111433
76199,25.289245726869822
76200,23.90299323265252
76201,40.434998849135454
76202,23.870322748005222
76203,24.318985278749963
76204,40.312965279987864
76205,23.99303988997049
76206,40.841569276646695
76207,24.36852003634833
76208,41.69125955025986
76209,40.42735849480745
76210,40.575121411091615
76211,23.9802509437839
76212,97.65719045593521
76213,39.54380439961683
76214,40.54192121720065
76215,45.065198544730876
76216,40.8061332947167
76217,23.923594789767392
76218,24.07826040874103
76219,30.042794200727784
76220,40.551582977482
76221,41.55951323702355
76222,23.909088867237998
76223,23.924758542503824
76224,23.890232067008
76225,40.82521108852835
76226,40.21662692075621
76227,24.77109448794424
76228,25.258034794970044
76229,40.82869386445164
76230,23.87498989022761
76231,41.906129748958605
76232,40.675420925067854
76233,23.9334273376209
76234,71.31474557182993
76235,67.94209870858543
76236,69.92450677299391
76237,70.211663593776
76238,68.87542955830278
76239,67.81380338867126
76240,69.53297676026494
76241,132.63769877632956
76242,151.34643612724437
76243,151.27165303117948
76244,153.81156495641739
76245,151.67291313843828
76246,154.14081650465442
76247,149.8963994044122
76248,144.85732274059825
76249,151.14951822360797
76250,146.90544995204147
76251,157.26834397721882
76252,73.08147035307968
76253,73.23286578082693
76254,73.23632764040516
76255,73.57856655823255
76256,137.53567940376092
76257,155.78541853075353
76258,160.3210974854083
76259,155.6165951326485
76260,76.0405299948336
76261,75.29562565169942
76262,76.5053377647852
76263,75.37462406395221
76264,140.59776592067698
76265,140.11088884753735
76266,158.7859551503687
76267,163.4881948446765
76268,158.792907626241
76269,157.16729872599922
76270,161.6676423704227
76271,163.19984501816305
76272,158.34376999357812
76273,159.37103568198353
76274,164.6567289389754
76275,163.12124045727597
76276,159.31900702969756
76277,152.9248544609602
76278,154.5802087318367
76279,153.04628871476007
76280,100.04853985062034
76281,23.360364123107317
76282,30.828955146065603
76283,42.63523309331361
76284,42.583537093914295
76285,43.55938394301676
76286,95.45873776796184
76287,42.66849461699993
76288,29.15179356620228
76289,30.276410022397776
76290,84.95613059527908
76291,14.60967692288365
76292,52.462123629382795
76293,41.49659817979738
76294,48.93973377165158
76295,69.59525199992024
76296,30.30182497471501
76297,80.31197811252926
76298,68.6979349509418
76299,69.18590951414694
76300,42.59057428056449
76301,42.77907357587919
76302,43.18595633134942
76303,43.191871844237134
76304,55.97009485575574
76305,40.828177525730915
76306,43.59763664682169
76307,43.478410013118584
76308,42.60689987790635
76309,16.366859063355022
76310,94.56367897303168
76311,93.05742277860473
76312,107.66484863116087
76313,113.15181770163669
76314,124.8526231964267
76315,106.19425206725369
76316,125.12857695490153
76317,130.46117513018152
76318,153.27256575895854
76319,152.70200508575869
76320,113.19367532010615
76321,123.03122797023254
76322,148.7535813348975
76323,175.31449541212965
76324,153.34357013003716
76325,149.86435176641822
76326,114.51936293320345
76327,116.86763022253022
76328,124.53148744408394
76329,116.7013081291487
76330,123.33991825707132
76331,116.94027601175186
76332,116.77805918346742
76333,124.48228160224072
76334,109.02954684237982
76335,143.73508132627882
76336,111.83249557967055
76337,149.24394329678364
76338,131.98919785000498
76339,118.68354160095937
76340,173.33435537982797
76341,105.6528693196437
76342,143.25231844712573
76343,94.28693061244861
76344,101.74672297992551
76345,173.24286263609088
76346,126.52835619792044
76347,135.82146936935686
76348,103.67486064177446
76349,99.05836411562508
76350,120.9368491292648
76351,135.2100257872013
76352,115.85783847227107
76353,103.06859513975117
76354,116.97659389142841
76355,67.53743102711543
76356,29.097435823233198
76357,38.005306424290424
76358,11.781703900810967
76359,16.777328568002005
76360,62.58991569173283
76361,41.25726493412857
76362,43.14677396000714
76363,16.60877633688382
76364,-14.786016782606609
76365,-8.660208997049736
76366,14.274201375767674
76367,-0.6883728634117148
76368,6.329680844778451
76369,51.04484941319559
76370,11.65806366775216
76371,45.07882247890531
76372,11.520990124551574
76373,45.718510029708014
76374,13.975094834885212
76375,76.50109286340926
76376,-0.9376825282160013
76377,11.574915248953474
76378,8.057228823673356
76379,22.764964292451467
76380,23.488754978792954
76381,28.64648144231468
76382,16.79649841361085
76383,39.44440795308408
76384,5.407481614106771
76385,7.1563272771130215
76386,9.66349353637436
76387,45.04539415708099
76388,5.751747445434276
76389,85.32379442908412
76390,3.0516254955076505
76391,23.099516651953294
76392,19.075610642842733
76393,25.86499863116181
76394,-1.6870662263468006
76395,-3.4428096817224088
76396,25.545401076192874
76397,26.487573983249973
76398,-3.2705938927991127
76399,26.130016009460277
76400,16.777349533815098
76401,114.08766464333236
76402,134.27898832115477
76403,135.32750588695137
76404,72.824733512956
76405,67.30271195951501
76406,118.20335767637356
76407,107.08407944846626
76408,124.89211153767697
76409,90.53901326524324
76410,127.25600550098456
76411,69.18827467791765
76412,138.68817947577259
76413,129.02648344652107
76414,90.5361151733252
76415,106.20259046836507
76416,136.06161662322273
76417,92.64553122306778
76418,144.8290816158343
76419,96.51033831341003
76420,83.33874623102305
76421,98.0904850683301
76422,123.66635659076572
76423,136.11145855393522
76424,99.9679603951593
76425,78.90796475575793
76426,148.76726554032194
76427,123.87309569672966
76428,124.80424296328532
76429,134.01920341071906
76430,98.09278283123744
76431,116.1376911741011
76432,116.28148810069307
76433,118.42525174631625
76434,127.22381512329572
76435,97.08944933381316
76436,98.82616891635145
76437,142.17740262053866
76438,72.08501407617838
76439,92.25833789595309
76440,86.44411144859946
76441,84.19181302709522
76442,101.83294233809686
76443,100.213495814426
76444,131.326358683117
76445,119.40139306879492
76446,88.59806200545397
76447,97.24130580495255
76448,126.4910382292057
76449,78.09256839759412
76450,97.4681767073997
76451,135.2014977020895
76452,74.29850680830815
76453,139.55415361256627
76454,78.50290740779074
76455,90.28224302818866
76456,91.11655777934838
76457,141.89713336487694
76458,102.67898926236093
76459,103.94839140677983
76460,155.25307948126448
76461,111.58581145763107
76462,84.03174637651155
76463,98.61076901591765
76464,138.12828392780028
76465,149.31717173069273
76466,92.54187984689266
76467,104.67092292853941
76468,148.85499292863688
76469,95.53509841515036
76470,110.77703590079189
76471,167.97418177866757
76472,84.99998921453816
76473,151.18731366850568
76474,167.08653633313537
76475,165.28532056187225
76476,117.33839296219507
76477,94.6580511407207
76478,111.53592841096385
76479,120.81912168215969
76480,147.09589229704818
76481,91.69791542192955
76482,94.00237195790608
76483,125.90507385154912
76484,92.35917147783373
76485,95.08691282586942
76486,95.80320846991772
76487,105.21058450392981
76488,107.97619503325386
76489,92.85801328355053
76490,122.95998532292957
76491,114.56356465850747
76492,128.81631703431964
76493,117.1396594853516
76494,144.18612925857173
76495,89.83603239797499
76496,156.06374657363938
76497,109.34699932643674
76498,111.8173168123998
76499,106.43947814858073
76500,96.57253765071393
76501,99.14093823789973
76502,114.00037835094885
76503,96.14115401575968
76504,105.61622988112204
76505,113.57764980651227
76506,111.50982043029559
76507,91.32686887854605
76508,107.42798354280215
76509,152.9951106308797
76510,122.45023715048718
76511,119.60602755182943
76512,159.7672600272831
76513,130.161362951324
76514,128.35353910884453
76515,111.82784207722695
76516,137.23592211957367
76517,96.18270505178954
76518,113.71819160683627
76519,86.99209470699056
76520,101.48288214347123
76521,105.51654620876748
76522,138.2228058282471
76523,107.57310096248248
76524,87.99846640673637
76525,83.37962057538552
76526,144.19814697260773
76527,105.46814137746834
76528,118.88311545885226
76529,81.97710683250683
76530,118.205439773408
76531,90.74458977305086
76532,125.08603916030431
76533,131.2876917020992
76534,96.78283800397388
76535,152.76848575673677
76536,94.16976362264445
76537,132.8309594813726
76538,98.90591759720478
76539,93.60390899011146
76540,99.10620262023532
76541,113.33618781652645
76542,146.62705234116225
76543,114.6740719028593
76544,106.19642951292242
76545,116.01142309096186
76546,101.37896752327079
76547,140.50193251166536
76548,134.53722590615143
76549,162.62280306971803
76550,154.01826504664558
76551,144.8858045572536
76552,140.28930816415829
76553,123.61501327355468
76554,80.79022502644013
76555,148.6659239256163
76556,118.73824888709053
76557,101.27721705457675
76558,167.3088374109426
76559,96.72165884200702
76560,92.97626166031999
76561,154.78414661586834
76562,86.38745533257092
76563,97.47955121077761
76564,121.4367562703023
76565,98.95732849493375
76566,118.81571919066927
76567,116.92488739625246
76568,109.9835638680823
76569,91.01483401927813
76570,142.29425360518576
76571,149.4097381319031
76572,115.09845805329535
76573,115.35349252719722
76574,99.9658158844109
76575,118.86903042330339
76576,152.128774499852
76577,140.98953629661872
76578,98.46996681675996
76579,146.6658600024416
76580,138.57568267127527
76581,122.00269289985057
76582,109.20906612880769
76583,109.29972083335046
76584,89.89190778512476
76585,113.49482048008132
76586,100.03847014880812
76587,151.46780140823927
76588,97.5533443457915
76589,135.36134132697134
76590,119.2457247612577
76591,151.33739958687715
76592,152.9554649248912
76593,149.28068151708015
76594,165.53748621272769
76595,154.98076425515205
76596,100.13126769737637
76597,97.03193936445014
76598,82.48906747204752
76599,139.85490242696426
76600,147.63295489270928
76601,130.10107121860915
76602,100.23879840320855
76603,142.85217648115548
76604,114.33461482477877
76605,99.38012865621222
76606,133.5526932527149
76607,100.84161233797543
76608,102.057890553897
76609,107.5747275445678
76610,119.70981477445655
76611,155.20641129825827
76612,101.1911097435022
76613,156.38115592834328
76614,96.71933161055283
76615,143.79783847289792
76616,95.96250901784371
76617,104.46310119505416
76618,123.3256992928243
76619,106.4040612144478
76620,87.5575169098896
76621,107.470052484193
76622,117.80758778598396
76623,83.39565768015227
76624,105.58515466256775
76625,162.00484131563582
76626,102.18348052058995
76627,170.6752944883034
76628,105.88178042800045
76629,112.29612538526236
76630,157.19145854609047
76631,131.00951826709894
76632,136.87339143117953
76633,116.8267868410668
76634,108.06318096657229
76635,122.19631557431795
76636,105.6274357468027
76637,113.62876205920396
76638,87.88257689701238
76639,110.9537664057945
76640,114.50477430900388
76641,126.20319938029029
76642,91.77894264975914
76643,114.4439900129829
76644,102.18750384116056
76645,162.07215267379706
76646,118.43209844105313
76647,102.1793693632526
76648,128.21927965865194
76649,142.57747291217618
76650,128.10847302683192
76651,138.27249755455694
76652,121.56205021155807
76653,81.86120908979198
76654,106.00384204967189
76655,76.41498030974934
76656,154.22848390077883
76657,138.23893895725604
76658,121.78227988947079
76659,91.2055429130596
76660,135.07947928882368
76661,133.41098617177346
76662,102.86148646601929
76663,130.46591137131094
76664,133.26617983488288
76665,114.31833980755009
76666,100.35563121966474
76667,80.29520822502205
76668,134.7282083715987
76669,144.60945256231292
76670,102.39889764967351
76671,158.45433019776266
76672,136.55723712022643
76673,103.20117895537743
76674,105.63134418221742
76675,98.1385522908546
76676,114.65019202294823
76677,153.69284056825762
76678,109.62993611250481
76679,160.32763539266784
76680,88.50723916879836
76681,89.34379307628704
76682,119.8552263993959
76683,142.12536766576602
76684,153.56878848597853
76685,87.88712344600292
76686,114.57835613199609
76687,126.36180763407815
76688,143.22629354467315
76689,89.0113973292463
76690,92.4946958432942
76691,104.84742599596508
76692,103.19262536403805
76693,91.0125444845125
76694,102.33625051451938
76695,139.60773154308714
76696,115.39651048206291
76697,140.87583619816078
76698,77.10251215847246
76699,112.80414044326149
76700,135.74068526802984
76701,108.84877651309542
76702,85.09988394614653
76703,91.02127426443876
76704,88.64183821878767
76705,132.82868996302744
76706,135.2151666290136
76707,138.65668672538737
76708,127.92789991759345
76709,150.09808590071225
76710,84.8938952321897
76711,135.93901557961584
76712,116.32976290446311
76713,139.22935740406115
76714,159.46218299638036
76715,128.06545231923246
76716,82.46482162091725
76717,93.43651664464345
76718,129.45096519596203
76719,138.22343990395325
76720,84.3968878381756
76721,123.38310465621528
76722,82.87824969293142
76723,88.62273556197427
76724,123.36439420522979
76725,113.81169289927873
76726,83.11414391355923
76727,99.40068197579927
76728,91.94680065874424
76729,133.94757732615108
76730,128.87216848784456
76731,120.97863542925356
76732,115.89640608526967
76733,150.1547380871388
76734,101.74944135044443
76735,91.28134704479702
76736,102.13675935231615
76737,156.75561462030112
76738,80.16728093899972
76739,153.52024537513608
76740,108.32477125024653
76741,158.48730128599004
76742,125.11530156338911
76743,120.00512364288498
76744,109.12763622672439
76745,91.46046749759815
76746,104.8245776791339
76747,112.27963455477935
76748,122.5134629716295
76749,137.33732898969197
76750,153.64734441147442
76751,136.06007603092357
76752,83.20333410447726
76753,111.43658729886333
76754,104.09193101824934
76755,139.24034023931978
76756,108.58718381677912
76757,142.41594894491732
76758,105.29797220978868
76759,76.30958516862866
76760,151.61674593506746
76761,94.0793120407875
76762,102.61512065900897
76763,136.76752861821777
76764,92.49743439536066
76765,146.3170918596328
76766,106.63160024276358
76767,75.8765452650198
76768,116.58705547406937
76769,82.80462108384545
76770,143.0640095842811
76771,-14.958275784765945
76772,17.367516064057853
76773,-12.70194484053944
76774,11.161251110971634
76775,-14.700175271092846
76776,-30.924997272400745
76777,-17.215293953326906
76778,-10.980716196800401
76779,19.938693244965904
76780,-11.07460437529032
76781,-13.50487875906957
76782,-10.012213751208648
76783,-7.953099036571288
76784,-0.9293597215606582
76785,9.008575610389315
76786,-27.52219335480963
76787,-15.961020390224931
76788,-17.864701455681328
76789,40.52248650394911
76790,4.343790958144652
76791,-19.175993108501174
76792,40.285590518101614
76793,-24.755651462024744
76794,-10.146370480849768
76795,3.2059399430458626
76796,-11.608144002633068
76797,-3.5480384094854998
76798,-21.177300335794214
76799,67.56271453045268
76800,-8.98390532316985
76801,-30.910454583388955
76802,-9.216266433086716
76803,-3.5880699431465786
76804,4.950448115496258
76805,-16.195649449644222
76806,-4.992551799097825
76807,-18.344554982541965
76808,-16.02691865657995
76809,-12.644666636009035
76810,-26.93768789508475
76811,8.270651227609065
76812,-9.749250396609042
76813,2.4752459131346
76814,-10.615185896239623
76815,21.187970890731506
76816,-29.329751578041638
76817,-7.602231561384357
76818,-2.9030430792070803
76819,-22.118814902855448
76820,-13.440796605196127
76821,-8.995293369338484
76822,-6.786773589314336
76823,-30.887373751422203
76824,-4.735151564465028
76825,-12.464320471206847
76826,-13.606311023726064
76827,1.7793782846323296
76828,-12.74914246961059
76829,-0.7449024843846104
76830,-7.3238382329763425
76831,-5.457273776584557
76832,27.752577307978058
76833,-14.016416487507442
76834,11.30794733702966
76835,9.170361705819133
76836,26.984234252228774
76837,-28.28927806083898
76838,-10.514129545306972
76839,24.588605455332342
76840,35.23685389827485
76841,15.911560644772536
76842,23.979968501849825
76843,22.782311401487917
76844,55.66090248971056
76845,43.17542729607522
76846,46.886400339629
76847,14.743920558262957
76848,19.191556846003053
76849,17.929270611287322
76850,31.362872014794412
76851,17.68182180005492
76852,23.75523377634174
76853,24.392677800957998
76854,44.49644728205002
76855,45.51117156860297
76856,15.228597448497581
76857,34.04124436956621
76858,31.054910626090468
76859,43.59401303021716
76860,33.63578474493051
76861,16.276932791925177
76862,65.29965384444486
76863,43.66496373697567
76864,42.81073843428387
76865,35.452191387692416
76866,76.15276565969194
76867,32.80845562630697
76868,18.52575338508909
76869,17.27386972561554
76870,54.73982700271572
76871,17.859749917851317
76872,21.353471213456615
76873,25.296712966819555
76874,52.59987401815582
76875,35.40871097284728
76876,21.125368996413826
76877,19.721706383423296
76878,24.187470353615097
76879,36.73847358170135
76880,14.939071642227546
76881,24.32815517394782
76882,19.0197762148711
76883,22.155914344088487
76884,17.052289993443097
76885,25.23678224844882
76886,16.69865554593146
76887,34.93610165290362
76888,41.42737860816246
76889,43.63890451316116
76890,43.63751973241599
76891,21.333759497255713
76892,20.81522896574343
76893,69.7921880288888
76894,30.355720014600656
76895,43.74760745262302
76896,18.175945338975524
76897,22.645046324683037
76898,25.152295690632897
76899,37.79446009875131
76900,28.158897488519933
76901,28.639921174981744
76902,20.120198136473377
76903,52.099306509647015
76904,23.474128026189177
76905,23.79643645182442
76906,46.830442063447656
76907,15.524214361887246
76908,38.054998265746384
76909,68.2388995695421
76910,17.075296992004255
76911,73.47090933985191
76912,24.502207330819587
76913,43.811038825671126
76914,40.788818517490434
76915,22.959476293055914
76916,35.499551604570335
76917,78.50835624781831
76918,21.888380818486652
76919,15.499247881629813
76920,43.98655079683211
76921,19.283753319570863
76922,19.785530224164646
76923,35.73869107029882
76924,15.581372817437554
76925,18.23824137087847
76926,15.297845739580922
76927,27.06002158174359
76928,63.564063034045695
76929,31.3009424637604
76930,48.610351042634484
76931,72.82619441863622
76932,27.003879570391568
76933,16.21622732768087
76934,24.929117339775857
76935,15.550723259187848
76936,27.2446580352101
76937,37.787411313399495
76938,52.9581744603314
76939,15.415664753592736
76940,82.90988149919808
76941,53.859034729684886
76942,22.920084968895807
76943,23.4798712357382
76944,17.020020988127627
76945,26.194647237300963
76946,28.462642237994594
76947,40.0970080209131
76948,21.983500050153467
76949,62.53113663969497
76950,23.991704210112047
76951,25.555348321506706
76952,43.850104959274155
76953,48.175797588195856
76954,25.284601351318955
76955,89.33624344624168
76956,40.02025241665387
76957,18.74698674575255
76958,24.331915334384476
76959,59.53225153737433
76960,37.00679824722133
76961,52.10866751784237
76962,48.68004602041119
76963,19.47014744225349
76964,20.8865705050615
76965,50.034439205124535
76966,36.28616463988579
76967,23.613269175770185
76968,42.226330508644544
76969,61.2148784008532
76970,31.279116994849893
76971,19.92885090874772
76972,22.772836607715263
76973,59.4692322652029
76974,17.48621093889959
76975,20.192613229709607
76976,29.477741660914553
76977,48.90871537862294
76978,23.85898926562787
76979,24.37199922067974
76980,33.73671389516715
76981,14.924446583371733
76982,20.204561859434975
76983,25.176599758878368
76984,101.29169120103832
76985,19.230150290890023
76986,28.030107711395296
76987,26.938239308943402
76988,23.861154115881803
76989,27.091206098489558
76990,83.25154795986091
76991,44.02749740742842
76992,16.397183046051637
76993,14.983664119848456
76994,38.666611297302005
76995,17.446142063953047
76996,22.710182543691914
76997,24.63960072376129
76998,28.40895141806981
76999,29.731610910230224
77000,43.34011912016836
77001,57.47298112944515
77002,30.813270680573133
77003,39.58609362483984
77004,17.137027090589115
77005,23.500812221843475
77006,22.4610763242798
77007,21.45128248771273
77008,19.182820497783254
77009,14.690113345704546
77010,20.373731816798696
77011,34.93765060156925
77012,22.552597236068223
77013,16.58024023535215
77014,21.91045408798861
77015,44.72917860962841
77016,15.668733930307766
77017,98.75830594616049
77018,41.93692312696323
77019,84.62841078210023
77020,19.87201908086506
77021,24.934257930501715
77022,47.749300908037576
77023,16.381175684525985
77024,33.05750856486497
77025,22.083193330297476
77026,23.63511566824785
77027,17.278685342819713
77028,22.876455758316197
77029,15.767348824897297
77030,19.029448076915727
77031,35.779936887099176
77032,20.016426146776425
77033,20.7540200266631
77034,22.11993188400639
77035,28.441005733934666
77036,46.845949031674586
77037,18.109260344868247
77038,58.324099006216294
77039,21.77049685544732
77040,29.468955472201806
77041,31.03661481737111
77042,26.118445161169113
77043,26.690281463801547
77044,30.676021693558504
77045,26.723228796689334
77046,30.834645619773077
77047,44.573496028147225
77048,18.329286314008087
77049,27.160234276506124
77050,22.973060584617585
77051,44.03084157943963
77052,44.753153812500834
77053,25.130055519839786
77054,30.572228357692246
77055,14.680718872635609
77056,97.31545583895188
77057,34.97732343539358
77058,30.77896259641492
77059,26.228335981594377
77060,14.640543256522463
77061,31.24122732668274
77062,26.915319754087157
77063,21.715029745394602
77064,43.753528945272414
77065,75.273018485692
77066,43.31039894230582
77067,39.23314862662469
77068,44.14329942507462
77069,19.652116368394033
77070,43.78108721093731
77071,41.6072940942415
77072,29.773828802963116
77073,37.46008678691339
77074,31.514937402302188
77075,20.07187925167885
77076,28.30802910114341
77077,32.43720337620149
77078,76.2770217811725
77079,19.72563572640938
77080,59.16019459077172
77081,23.7213433785259
77082,59.66437363147565
77083,24.846088612839438
77084,18.68322453842397
77085,29.698740922952105
77086,26.585089982869185
77087,18.751551317699423
77088,15.357825198650929
77089,43.65933916656838
77090,22.50725334100416
77091,43.825740622803615
77092,90.48008237830622
77093,92.08441991865483
77094,107.6187620914397
77095,105.48387600326875
77096,90.2174600527179
77097,88.70935576512422
77098,96.28512643583649
77099,96.93156646904298
77100,87.47467677794741
77101,123.73504488991388
77102,91.96859070440892
77103,122.62074527241454
77104,165.81544747206647
77105,108.00269285063358
77106,91.81754640979598
77107,108.98318292418601
77108,100.71753194167526
77109,107.64671246948082
77110,89.07009347183943
77111,92.40954139671221
77112,98.27315806885734
77113,108.74467023177938
77114,118.7775652272558
77115,135.83764816974843
77116,132.15332491182681
77117,91.6424752001085
77118,96.18689997408914
77119,101.97591821098145
77120,94.08365861056022
77121,98.66933254743797
77122,112.67880562001442
77123,166.45172695684317
77124,100.10776451506054
77125,87.37955828160237
77126,112.10168599324915
77127,84.32311823233347
77128,121.25983004933552
77129,99.04373564512476
77130,108.81427475917893
77131,91.03347119346363
77132,120.38589599135052
77133,90.25490663002866
77134,91.05836173750053
77135,156.41897364484555
77136,84.39801756372215
77137,84.10965361694728
77138,100.16466623477551
77139,104.18429206699138
77140,81.18375219329904
77141,84.86009696520655
77142,85.81654959200505
77143,101.6130760492566
77144,98.4175317230051
77145,99.32609904152137
77146,87.66106802705984
77147,97.35145721906953
77148,90.73397908085461
77149,90.47277004705349
77150,101.29290177211517
77151,112.52416423774788
77152,108.31631493813727
77153,100.14506833450379
77154,116.93833416477914
77155,109.80320846508336
77156,87.41189783564515
77157,147.15075883982155
77158,81.555738358847
77159,89.87502681651215
77160,99.21399913943846
77161,84.78837385209751
77162,89.22401719076443
77163,92.4586331456375
77164,87.60640546587025
77165,89.30791069386065
77166,100.47637936833125
77167,92.21402046295096
77168,96.48090708812775
77169,108.34024209696547
77170,104.15189835733294
77171,85.94732768359451
77172,87.15908871160754
77173,89.65114196330008
77174,88.99655014942483
77175,165.62766355257344
77176,85.30694610435414
77177,91.13597256067489
77178,94.13536851670374
77179,98.41486152340401
77180,79.50868257241247
77181,112.1847440752938
77182,103.89931613872496
77183,95.83543248725606
77184,108.78100519337376
77185,91.21170822088571
77186,87.84996548419802
77187,82.79729132838888
77188,94.77797347989086
77189,108.19947871331682
77190,102.88652646815781
77191,96.32575448028088
77192,108.5172089756433
77193,112.18204067726943
77194,95.58256688406
77195,106.0151632267959
77196,120.30743858752403
77197,94.53081886166036
77198,102.22572486888099
77199,99.80317289133815
77200,96.16355429538093
77201,105.94006996623402
77202,89.95136445911986
77203,107.58289540497525
77204,98.00582675274096
77205,87.88424605419168
77206,88.1801742341063
77207,118.14816463039217
77208,94.97845908991194
77209,119.91024076852305
77210,166.50503399153854
77211,100.8112060046618
77212,108.44872778375965
77213,97.31855168753445
77214,85.33426333522296
77215,98.99046526837931
77216,91.95336497855182
77217,95.5969236733206
77218,133.47789488839584
77219,93.19568708483492
77220,98.18845700082996
77221,96.54186913192412
77222,92.65544583792534
77223,166.41174699989733
77224,95.77916686960758
77225,103.25425185626044
77226,96.35828613278376
77227,98.88018457284456
77228,89.43087170299226
77229,128.57158815573882
77230,109.7999897203646
77231,85.90892855548655
77232,91.055528589458
77233,98.54073349417455
77234,98.12727126788666
77235,166.38603207852856
77236,93.7653942959136
77237,87.01871609321317
77238,99.8980090778286
77239,94.0453498192063
77240,96.81476015890546
77241,100.16005051380837
77242,94.1601833732387
77243,112.16420913511759
77244,86.73208519834633
77245,108.56918989234948
77246,100.69514334885731
77247,142.72987536290464
77248,108.54146004550101
77249,93.30732084802413
77250,111.33450821968948
77251,91.07358572707373
77252,93.65917046972488
77253,108.61187297201751
77254,112.99393128423931
77255,86.90809692422452
77256,95.65201632959362
77257,94.64586416752398
77258,101.64926431558798
77259,98.20164622379797
77260,99.3454585269085
77261,111.45202980104638
77262,91.54443170281094
77263,105.86654744438404
77264,109.79279376269899
77265,86.13057213924374
77266,86.99802523567352
77267,111.36578747894735
77268,128.7285658204002
77269,100.19038234804286
77270,94.31933117631924
77271,99.96401587008147
77272,91.98600595524495
77273,103.79308296191915
77274,89.51220361526215
77275,84.03999705467895
77276,85.79791407899312
77277,92.89156659188801
77278,80.55050322768967
77279,147.2119409851564
77280,90.00542700732966
77281,111.59883442313371
77282,89.42013557276464
77283,95.17015832886058
77284,99.18476512749835
77285,102.20144091977797
77286,93.76591662121312
77287,95.27395647877124
77288,106.24224830641477
77289,88.31880325428138
77290,96.9575703941368
77291,99.86018914458153
77292,106.40663653157169
77293,165.7950627348202
77294,109.58365775468285
77295,90.11313864328032
77296,91.27689635177843
77297,90.27099353970935
77298,113.41058282707529
77299,89.23544948482017
77300,115.63547725264935
77301,109.40616933148736
77302,86.54097819398719
77303,92.33868654692778
77304,95.092689843808
77305,91.96964905082858
77306,95.40135379781525
77307,97.2625630282128
77308,90.40797493577158
77309,166.4178667124665
77310,105.08083613901012
77311,134.57277174356756
77312,106.10877263926612
77313,123.10563073866722
77314,137.4093809337362
77315,94.07472011955669
77316,143.76762144319196
77317,87.61272410145865
77318,94.59761535066785
77319,89.3516131200564
77320,128.21504496189556
77321,96.20841184317571
77322,94.48312456721253
77323,89.9600033372965
77324,98.74627225125529
77325,88.25387380019562
77326,99.92324031960403
77327,108.20054034719531
77328,94.82539309101229
77329,97.7163513378254
77330,122.18078791434077
77331,172.8684767874488
77332,117.97609672030178
77333,136.58619869858126
77334,174.2110053450656
77335,108.3267100371091
77336,110.90547044172168
77337,99.64737176790506
77338,118.52356202928199
77339,109.73669000410315
77340,103.44055406366938
77341,110.1841190297604
77342,128.18567000392727
77343,108.83675299641602
77344,125.20304552101338
77345,112.12663227451439
77346,110.28872540202805
77347,123.69987527186653
77348,106.96528501697897
77349,106.72033561147875
77350,123.40952536109715
77351,156.67307039738097
77352,104.01619412349028
77353,169.33003673569112
77354,133.34235431392688
77355,132.297861747267
77356,108.63823486461759
77357,110.9964625658604
77358,136.57986113257482
77359,116.20028061990205
77360,100.66758239254297
77361,115.60926771706893
77362,121.0150108862952
77363,120.28613791932214
77364,113.12432069450115
77365,172.44873342141688
77366,109.04946323128094
77367,106.66133867419241
77368,144.14778459903874
77369,129.22484554589954
77370,108.99888233324849
77371,113.63182047008338
77372,115.9130691469919
77373,146.09507480835487
77374,119.01349434296263
77375,109.44952988902396
77376,121.2985489667487
77377,133.8314646362847
77378,153.27933523739568
77379,126.20516966852772
77380,109.4676072659431
77381,121.29587821443774
77382,155.18828142129172
77383,112.36602400095403
77384,114.17844487000652
77385,116.41302626336757
77386,174.4143402143169
77387,113.8247230007973
77388,118.35741184129729
77389,113.98281209937225
77390,119.7267971454085
77391,111.68669712119812
77392,137.88321564329584
77393,136.26803614485664
77394,112.4078451012502
77395,170.0411752805611
77396,111.94056115007437
77397,118.96398827040774
77398,121.98370042335672
77399,132.6814954233605
77400,148.23922011733646
77401,122.83758192506475
77402,105.18298433512756
77403,115.60869510094157
77404,116.82572882108234
77405,107.83208143665219
77406,138.02132757786683
77407,142.9774397065719
77408,114.95687339579545
77409,99.88517577801916
77410,123.05466160414504
77411,116.21128619321293
77412,113.62178487774769
77413,132.45545353317198
77414,127.29624444796617
77415,136.13954829799258
77416,141.14957681956002
77417,100.77503038609389
77418,154.1891633736733
77419,109.95090737175043
77420,110.97743705766648
77421,121.28053652538053
77422,115.51371657325315
77423,126.78982523434009
77424,109.16253534098463
77425,157.03306183562205
77426,132.4392769341411
77427,123.33407864421464
77428,112.09454253337738
77429,148.86915617283256
77430,120.71372772969842
77431,102.9027942428627
77432,146.8762289917563
77433,146.98995348879242
77434,126.5881726299858
77435,112.12300160179414
77436,113.72402388410542
77437,113.63259489455898
77438,149.25292990017607
77439,121.70888164535675
77440,100.01308876905712
77441,127.37085808966133
77442,114.52463854855962
77443,177.19237194403433
77444,108.31280955475269
77445,116.45907073093913
77446,122.84591646271618
77447,106.46010433613812
77448,116.07015374495235
77449,115.9048126460561
77450,109.30421278490498
77451,132.2784321607856
77452,126.12894702594498
77453,121.80034856879091
77454,111.40520036384244
77455,140.64127645399475
77456,107.39852688498219
77457,114.75274571315565
77458,124.50100799824618
77459,180.39688229827823
77460,154.62956730125308
77461,128.17357889261513
77462,105.78576487825207
77463,117.25405910160681
77464,126.86135391462365
77465,141.35286081444377
77466,129.45293163721396
77467,158.4833240774713
77468,130.91087137539972
77469,132.28558403930322
77470,107.59322927259463
77471,106.23560158040364
77472,142.02690118519922
77473,112.33062979467685
77474,120.31610795558926
77475,172.89032707513115
77476,116.03901114367393
77477,111.89526960591225
77478,110.44777228367003
77479,146.13377917771436
77480,135.6643613066836
77481,110.22424625991555
77482,113.79095526215745
77483,130.07707584641292
77484,117.17065642879767
77485,113.79464183774793
77486,119.64672245399636
77487,112.09956915805442
77488,131.2609624942658
77489,135.14080106739794
77490,116.55115383336134
77491,122.09341010328218
77492,176.4348931699942
77493,178.3751814431732
77494,133.19311724367287
77495,116.60771829145467
77496,114.35683535847768
77497,178.82803203266087
77498,164.06388948278266
77499,117.25056289919101
77500,123.12423817519176
77501,120.53015901729634
77502,117.80361660329565
77503,106.36817555367871
77504,102.18704264197758
77505,103.61651093272307
77506,109.9093672497802
77507,110.87145219905214
77508,121.9362535665846
77509,97.87800143158735
77510,110.5953420297579
77511,107.01336424582344
77512,120.72147745925355
77513,150.67442942483592
77514,110.58719583170118
77515,114.32191400927026
77516,160.84307457686202
77517,146.06457828199436
77518,124.46258149818014
77519,120.476840941301
77520,101.86003299664564
77521,112.37514770302111
77522,112.15847932420404
77523,114.20122590682716
77524,133.25441374570647
77525,154.5682286331804
77526,166.96669586966183
77527,126.17850214795381
77528,124.6890928103682
77529,133.62098978363025
77530,131.45899993180421
77531,183.89672235389196
77532,118.91602321767006
77533,151.42652645474078
77534,103.46397584648683
77535,106.71808626538846
77536,105.71943406391763
77537,99.99294054513474
77538,184.47078101338354
77539,120.5631382862565
77540,120.70009785744418
77541,152.88961309036128
77542,106.82085250662321
77543,180.07167592599512
77544,143.14822230956048
77545,120.96817666852193
77546,95.95667735757861
77547,104.81944554697942
77548,133.25711568121102
77549,133.16247282982152
77550,120.460914339686
77551,98.8041603610943
77552,118.69836977404805
77553,106.26142748260021
77554,124.81809058076148
77555,107.95877666922708
77556,107.82763371486483
77557,104.25479194373564
77558,93.98652607087679
77559,140.6978968100678
77560,143.20440745107555
77561,178.79062209730944
77562,127.57275641915281
77563,110.42487954433626
77564,93.82057648445293
77565,172.39222564207773
77566,106.58206475826925
77567,126.08591692943129
77568,179.90855249321737
77569,124.12900531918872
77570,100.29010894372728
77571,103.07862700936987
77572,122.85189186674056
77573,115.55530927650763
77574,77.49831915823522
77575,83.18262491311793
77576,13.606349862515103
77577,-11.152994361397234
77578,-9.16360152454807
77579,13.609290427013335
77580,13.324037873083014
77581,34.59308341778238
77582,29.076300877128787
77583,31.525047820797695
77584,12.565302330887349
77585,63.33247109987063
77586,87.2358066745211
77587,34.41036877632543
77588,-13.156226334081978
77589,43.33967326861732
77590,82.85764566467184
77591,-6.727753345391463
77592,7.562930110978371
77593,13.79658584576616
77594,0.30762836620617406
77595,25.8656290642828
77596,70.83462747619471
77597,30.66788216904338
77598,4.0068618279782555
77599,8.352077315692569
77600,-8.527589414580788
77601,3.01739366395951
77602,-8.840039803211695
77603,29.645918136639963
77604,31.74077920720468
77605,17.050978856724683
77606,23.699410798214657
77607,28.463976954221963
77608,20.611913503491323
77609,8.281438589586159
77610,4.25758501728636
77611,-14.519817370511348
77612,2.8763878819541304
77613,55.65653402344644
77614,70.54077043324027
77615,10.530400479629847
77616,10.108673660859651
77617,11.814469796734741
77618,6.250859412124598
77619,45.1890538749568
77620,9.157640628032894
77621,12.551381115064558
77622,12.83022497230958
77623,29.013908479905197
77624,70.68748849951008
77625,-11.158434323471866
77626,29.14565655871236
77627,5.038622430285145
77628,29.30453048211787
77629,25.913473795203643
77630,20.739410757202776
77631,8.220484595566077
77632,11.408011136060296
77633,29.65570263216587
77634,29.372213333356868
77635,25.397235459043955
77636,48.575754912698685
77637,58.38102725519373
77638,33.78694621512393
77639,0.5489245250293635
77640,15.903542282119517
77641,9.092842494584076
77642,21.828946447651603
77643,22.366793176836538
77644,34.91371354672988
77645,-16.367086758671704
77646,12.55971925814255
77647,82.96064524579002
77648,12.814985207229839
77649,-7.830815765986685
77650,42.67762672622494
77651,62.85304665304314
77652,29.614989700811677
77653,14.316406870008748
77654,21.25318602272229
77655,-5.84650308519663
77656,10.697168995544146
77657,5.598277452164368
77658,37.373765502190466
77659,-14.434186939576122
77660,4.450231580772382
77661,22.334759955548762
77662,58.23543755087904
77663,-13.557088388081567
77664,29.355814653496523
77665,54.72222350445789
77666,35.31231182306895
77667,3.11984077549927
77668,10.986360236168636
77669,9.949426525915882
77670,12.607334524180501
77671,-2.191533492023396
77672,-15.506624944254455
77673,30.65274801418819
77674,19.643756104041373
77675,29.098629301934025
77676,8.022804561422234
77677,20.651215208189583
77678,70.5886411704302
77679,9.70567240653422
77680,8.419419183436261
77681,29.600170604386662
77682,8.892688853069004
77683,12.54206678332956
77684,20.034220564686322
77685,7.819374983617891
77686,54.73585582813986
77687,13.46790964247576
77688,29.673514552248164
77689,8.956240316946932
77690,14.576367049536586
77691,-9.969617445839205
77692,-4.992439457786205
77693,29.25460047363613
77694,32.941231298875564
77695,77.6803232604329
77696,28.361232848130797
77697,-5.167713201606105
77698,35.74504198613418
77699,42.46507208205013
77700,29.23721569921649
77701,8.520900097450166
77702,29.279132406921477
77703,16.17377778344273
77704,12.991986122337508
77705,32.751011809929494
77706,-8.458968429134686
77707,34.58080524605636
77708,5.0423686251349835
77709,35.82135037950145
77710,39.78528609148658
77711,11.076158062225275
77712,9.951914704854957
77713,71.15968648854285
77714,6.420015315408122
77715,29.388619903915085
77716,12.821690071931855
77717,37.00646773982528
77718,29.31516818651103
77719,7.8655865495196196
77720,-10.015808025712388
77721,-4.088286342877481
77722,-13.226860860383866
77723,-11.929210020331837
77724,-1.2109403846711047
77725,3.8014675510151363
77726,7.242987247995146
77727,-9.988469957179504
77728,8.969454837766236
77729,28.308838372140073
77730,8.82644488468084
77731,5.899581104733912
77732,17.075860956655347
77733,12.564767671892113
77734,12.777670634741938
77735,13.422526059066186
77736,34.732860007017464
77737,22.21593916860273
77738,76.41301639404774
77739,10.091861438435714
77740,29.538660036924583
77741,24.010082103746484
77742,3.7789035697786773
77743,16.546719405881205
77744,29.270419440205686
77745,-8.02862476132033
77746,8.435197151458212
77747,-7.323140653304577
77748,52.18391443363886
77749,10.084296461238111
77750,14.452542937749783
77751,25.424082794205944
77752,12.573532267143193
77753,23.970884605299474
77754,3.552924577877704
77755,2.9409328879294065
77756,62.44502492334142
77757,3.4303375172398063
77758,-13.67073408543824
77759,6.439126704817099
77760,9.077684364065206
77761,-11.757361274014201
77762,7.335822844227565
77763,29.253535162724788
77764,29.27564155687314
77765,6.710393907679602
77766,29.831926651814413
77767,14.313450768040909
77768,35.23295271925015
77769,17.697242420696924
77770,4.6626905803637015
77771,10.296985513495926
77772,30.319691690467423
77773,23.094505649019467
77774,5.586646018104986
77775,1.656817896008576
77776,87.19425573813884
77777,-1.395959705043353
77778,10.441937548575268
77779,-13.147348909488542
77780,5.430522913408126
77781,9.236398360138068
77782,26.82118192162524
77783,67.13149135965143
77784,-11.437203758547255
77785,70.57942162978203
77786,-8.265435911933153
77787,49.575779259069165
77788,9.151502239056825
77789,34.843773045920145
77790,-7.614414933531819
77791,0.27798457027931534
77792,54.70312074464819
77793,2.8756955693115316
77794,50.355918466509806
77795,17.197066799866846
77796,8.202444001222105
77797,-8.700730481218457
77798,5.167149505452315
77799,82.17865486043442
77800,53.266628669887034
77801,142.8509863812685
77802,183.13800044579364
77803,214.85404768584192
77804,179.23200850411553
77805,149.6147288313411
77806,159.85067921209316
77807,143.5655253961405
77808,157.88448086060225
77809,170.35753869915055
77810,-18.085427916516593
77811,-16.2867013443922
77812,-29.17836805195587
77813,-20.677147646681803
77814,-30.4946984486685
77815,-20.800753476454346
77816,-2.259102614116685
77817,1.9701400939435274
77818,16.17649890714229
77819,-0.5662639930249185
77820,-2.312495721214347
77821,47.754117796626886
77822,-29.502721938748763
77823,-31.22482483507882
77824,38.72509020173611
77825,115.17510020239946
77826,77.52177890524202
77827,106.13683482328175
77828,50.841000635829246
77829,75.11553217578252
77830,61.597535456404174
77831,75.94499896654234
77832,98.06098585864314
77833,62.19300300778953
77834,46.357301690584634
77835,48.904274456158774
77836,46.71695322203189
77837,109.45768257227947
77838,73.64462075829633
77839,100.34788938613113
77840,47.91580701848868
77841,60.92264579090748
77842,80.55926289361113
77843,44.52498723426241
77844,87.78754250304446
77845,127.85635886191183
77846,87.37956183723618
77847,73.6437467083086
77848,87.3073177995128
77849,46.281361252407365
77850,88.05646681403853
77851,66.71182126529976
77852,144.22552209742543
77853,57.835658413309986
77854,46.28425235999295
77855,73.59322439339884
77856,45.78362053889899
77857,47.10244527335912
77858,106.8277524057464
77859,86.26062844402283
77860,85.77088893111137
77861,54.96914246845631
77862,92.72913934635078
77863,53.268486745175196
77864,74.04050625594945
77865,73.87791539431842
77866,88.0984224590796
77867,88.03768325410634
77868,88.9117639131791
77869,89.02927992934337
77870,87.89957614080659
77871,88.08756321174099
77872,87.99773377121357
77873,152.84402048036708
77874,171.5454967631274
77875,164.92452449126006
77876,165.28667012561465
77877,167.45970570560684
77878,165.26827647439757
77879,165.39431063225481
77880,165.31015358120396
77881,177.61434100456282
77882,165.27802549756666
77883,165.6744213251269
77884,170.95520640541162
77885,157.91210552934243
77886,170.9919270925273
77887,166.26547298685927
77888,165.2812154545531
77889,164.86764983913014
77890,100.17811705976419
77891,110.10447830841535
77892,113.0590673771335
77893,155.79591558528898
77894,149.33625083835182
77895,179.66376000100496
77896,30.958944060218997
77897,30.970762382941146
77898,24.0292611110864
77899,31.45752195125813
77900,31.159426732871182
77901,80.7475337602594
77902,27.138415707138925
77903,28.341499424554748
77904,109.6860482728949
77905,109.22380038350197
77906,109.75899484632627
77907,104.36969277691315
77908,293.1477772659809
77909,369.50003606291205
77910,34.323654503349
77911,82.49994184161687
77912,36.32502410530898
77913,30.054975655291265
77914,62.568295889262394
77915,61.689057893620536
77916,109.63278585213
77917,134.85053591535853
77918,171.5632815401283
77919,119.72607163450799
77920,152.60759042103746
77921,151.15417413573385
77922,87.13272773763973
77923,47.96067049036706
77924,80.9099073726164
77925,43.23181410418902
77926,30.213757788492465
77927,53.141289560984795
77928,26.140280280405598
77929,53.2332183279399
77930,66.8690382238693
77931,26.687578713541235
77932,63.80971640247201
77933,52.398205593766924
77934,52.66047659352713
77935,76.17792258984937
77936,70.73520815945395
77937,45.19950174681656
77938,40.63987210999941
77939,31.18230959578829
77940,42.52922083683519
77941,59.937302249748136
77942,52.02967302019123
77943,91.53636379328492
77944,53.962817102180274
77945,83.29161673412435
77946,35.978287360302666
77947,28.14405481433699
77948,28.57169725282248
77949,68.12538965231136
77950,52.84356258960198
77951,28.876170548048428
77952,95.94527017036773
77953,60.16802487098533
77954,36.14362969829816
77955,28.956738662296964
77956,59.19453744201706
77957,40.807773263927025
77958,68.94562962365708
77959,42.768581908124666
77960,55.12158241383391
77961,51.497796434393415
77962,40.368992108194284
77963,61.710001630906724
77964,58.27105899658712
77965,47.95775419664846
77966,45.580102275239135
77967,33.44301837773724
77968,123.0894586375431
77969,126.41973976920919
77970,160.4463807988123
77971,157.04543225662883
77972,153.25596045061616
77973,159.0955568528061
77974,160.81732688138516
77975,97.21565386958444
77976,126.38512353330758
77977,149.8054373458096
77978,145.40196948693455
77979,153.77096536897386
77980,166.72885321577627
77981,130.13361970107957
77982,172.06405300373024
77983,113.17837921334602
77984,150.909741152842
77985,174.65686555683686
77986,130.91107534778064
77987,159.7292905219386
77988,136.914929121866
77989,128.97630345891702
77990,175.4459738126348
77991,96.16435227871166
77992,163.51176250204077
77993,151.62520001243604
77994,144.7916187905726
77995,113.92923134459126
77996,145.39593336237107
77997,108.88243672514413
77998,138.93617878031057
77999,99.38826039623602
78000,133.51337064961126
78001,136.18188846665117
78002,149.63346875863937
78003,118.95002279715673
78004,98.39285992479266
78005,154.93366079341286
78006,108.82035778099389
78007,146.67992458231942
78008,144.78435298794585
78009,135.19193770436743
78010,121.99228839477964
78011,108.94297325281902
78012,167.2353818573912
78013,162.20187000655517
78014,188.18821848510026
78015,171.42521954986472
78016,180.02599084225295
78017,185.61136421120904
78018,156.39785250938672
78019,127.17639861354952
78020,183.14411908026437
78021,144.26773531564572
78022,149.48625507247363
78023,185.24015299710334
78024,127.93564968686543
78025,147.83432060281473
78026,136.6512579672052
78027,152.79297304837155
78028,179.8846147554899
78029,149.09450768513108
78030,168.2947878912309
78031,167.18265361432475
78032,127.95816748491701
78033,116.69119878046841
78034,173.7736470543345
78035,115.11407165975662
78036,155.62480488343448
78037,157.3487204081954
78038,143.46108348166666
78039,156.8884110454506
78040,167.39130524747804
78041,163.24321031667523
78042,121.40757146374823
78043,139.0490690996004
78044,152.84122580775954
78045,149.56907521892958
78046,133.4033327666624
78047,151.0520570731756
78048,160.5187394973537
78049,107.33617149314047
78050,150.61014061388673
78051,138.06792056656428
78052,131.37486829959033
78053,138.3050915247308
78054,125.21400540471588
78055,146.53546400261416
78056,122.7767645519489
78057,140.61829093808745
78058,140.38670215652382
78059,167.87796924450174
78060,140.51942593987752
78061,132.42665191530807
78062,187.49313926595778
78063,157.69099039870207
78064,172.99759823161054
78065,166.66866046289405
78066,168.11291295128598
78067,145.52942682309754
78068,130.28039984523258
78069,161.50679030666242
78070,55.983610703552145
78071,3.1987284941144054
78072,38.33436426292657
78073,52.38489788896193
78074,93.77456638074615
78075,14.485543828367284
78076,6.929477465624572
78077,10.56564311158597
78078,13.6487756093007
78079,51.47098171409614
78080,5.00945689414111
78081,11.134251532557201
78082,71.84087087583858
78083,20.2728608407959
78084,71.98507013356574
78085,11.344074901848344
78086,41.94865576294258
78087,57.582056679401305
78088,13.647288876897406
78089,28.614635521075527
78090,27.106862441586273
78091,40.27768223331488
78092,41.89309228417194
78093,40.76838709541171
78094,68.27543247735169
78095,-1.163108852422127
78096,63.91825838342935
78097,16.73302279528214
78098,41.62985044391196
78099,57.65866631515867
78100,45.53994368917229
78101,65.69351485328924
78102,72.6521832469909
78103,34.70377082658054
78104,29.742602278123243
78105,1.5421129494358041
78106,50.340878902168285
78107,96.25500375349442
78108,160.46239091992743
78109,175.22084298602903
78110,28.570054084900697
78111,27.961632386160083
78112,28.143454572025938
78113,27.37569034041106
78114,92.49333113464296
78115,92.71396864202147
78116,92.17214704102132
78117,110.5962832054377
78118,105.11786231665197
78119,104.81759987357573
78120,105.89216954582709
78121,104.2134626120585
78122,117.4734813351139
78123,109.70262535929716
78124,104.45018066586509
78125,104.52671138221773
78126,130.6863700440129
78127,104.3859858627538
78128,105.57955493791754
78129,104.36158279352658
78130,172.47552424670397
78131,172.4760993002093
78132,172.4613958040582
78133,171.66445471089676
78134,140.88456055466133
78135,157.59879139495143
78136,157.5270487515275
78137,157.53983504146822
78138,140.87425637398883
78139,139.85565794067023
78140,79.94451189141336
78141,162.29894914214793
78142,157.43852043073616
78143,157.2263890284321
78144,163.58004311925745
78145,158.45650429174037
78146,158.46855103941746
78147,157.2210080611851
78148,69.83877171652074
78149,69.76313990775836
78150,70.07638241059271
78151,69.47001834811505
78152,69.36025424746484
78153,69.8805300830009
78154,70.2499128585095
78155,69.04645775891609
78156,69.41749225921697
78157,69.53258796780634
78158,70.02462258831775
78159,69.63616621919843
78160,134.39870763812553
78161,134.26642554506014
78162,135.1473229734844
78163,134.53894577186503
78164,134.46968637310698
78165,135.22533954782227
78166,134.005381105452
78167,134.46959930621227
78168,142.38988432364704
78169,133.7715573229334
78170,133.89379835046464
78171,133.81354616094967
78172,134.15405363098375
78173,134.20275947313445
78174,133.3279867326657
78175,156.01303271146838
78176,157.23874329772258
78177,156.98086187913924
78178,153.89385124946722
78179,152.75983138011776
78180,152.69576316326044
78181,157.17514108284973
78182,156.968030230382
78183,157.18770689478953
78184,157.38459497825994
78185,157.10755466700624
78186,151.92789395045196
78187,152.41346278237205
78188,153.4766314568601
78189,156.17870200187588
78190,152.19615294176725
78191,156.30120457827638
78192,157.37092432998224
78193,151.98380738777354
78194,157.0776000690518
78195,151.47068798595626
78196,156.40857555067856
78197,152.46216817739662
78198,157.4660897805224
78199,153.2893814214566
78200,156.95365642904278
78201,157.3214595064303
78202,157.15124221311947
78203,153.4474399865806
78204,153.19365658123127
78205,151.45576923426898
78206,160.3713980036074
78207,152.26495578519484
78208,151.78361025206084
78209,152.5921329763795
78210,151.3937496928387
78211,151.93753810504916
78212,146.5717323108022
78213,148.47163901531638
78214,148.6158349479892
78215,146.2397063063861
78216,146.24346414414595
78217,148.48237080599716
78218,146.50185825092035
78219,146.3700954348406
78220,148.50272442937535
78221,152.27137465060707
78222,146.85253355476783
78223,146.82831427253132
78224,146.195532808191
78225,146.3879819825019
78226,147.0352268608438
78227,148.61043784538344
78228,146.4553736528639
78229,146.25569044351522
78230,146.99988160635502
78231,146.32068839134797
78232,151.9401117540139
78233,55.130534024208444
78234,38.66874845767096
78235,40.38957681118903
78236,53.31041355382361
78237,53.1658239787625
78238,53.38508655132246
78239,38.37881629134547
78240,53.72978060804026
78241,40.2217862587877
78242,54.87684194236404
78243,56.53532234541855
78244,53.130732956549835
78245,53.267924842465234
78246,55.10327058966267
78247,53.19123644147619
78248,54.571605196178
78249,55.08527631787071
78250,123.50411848519207
78251,196.41452220610637
78252,292.5108919086105
78253,293.18215578806354
78254,357.5713885863138
78255,379.68793827724954
78256,379.67502959385035
78257,380.1617510836871
78258,376.42489116564366
78259,379.8457313493841
78260,379.76907943306685
78261,380.59118025333845
78262,380.4407098401888
78263,379.61757093954003
78264,381.1823162893961
78265,379.868882486293
78266,380.0208025326748
78267,379.79097686410836
78268,369.8653841683229
78269,369.6250857877523
78270,370.4830695210437
78271,262.1126051055238
78272,261.8449788813984
78273,278.384454075683
78274,262.0169792561898
78275,261.7884911696282
78276,181.4944459643803
78277,169.10401267289498
78278,236.20942149820127
78279,287.6562662928738
78280,252.397043145559
78281,271.4835238771564
78282,351.53012196866666
78283,259.0223408210132
78284,338.670117575029
78285,277.99335039384215
78286,279.84640104442605
78287,284.59819953899785
78288,265.52599003536324
78289,291.6354057618382
78290,330.6796028914942
78291,293.4205698804734
78292,301.450503882712
78293,287.95106430880617
78294,313.00776422712244
78295,300.5993549430915
78296,261.98061300854454
78297,314.9447755577474
78298,293.5903039960252
78299,286.5102842912273
78300,288.94681412501563
78301,275.8839112327268
78302,334.02344783192075
78303,280.2819886805103
78304,248.46523635914173
78305,277.2056866157485
78306,275.05693564214204
78307,287.70753256145053
78308,298.5909781206945
78309,257.6809256057269
78310,271.2128916577569
78311,212.88612868187863
78312,159.3587322995948
78313,198.3054898610323
78314,194.48154060028514
78315,169.28738947423244
78316,65.74894461668211
78317,153.821763331432
78318,153.81996042359214
78319,153.3186535986739
78320,154.30623754935073
78321,154.2852880437328
78322,153.88897970977354
78323,155.537047345392
78324,152.89052171921566
78325,153.03162019968312
78326,153.9127590722817
78327,154.95781572768078
78328,30.2889284875859
78329,117.93532483598649
78330,108.04085073920014
78331,59.95705932498499
78332,124.24858868512418
78333,124.4980510342882
78334,34.27989028606874
78335,34.344601575290746
78336,116.66577637046008
78337,117.2868692752675
78338,117.81891044262436
78339,81.0760116799078
78340,81.03747694503227
78341,146.0233592070541
78342,163.32621117539816
78343,164.40844466678226
78344,168.07077451982644
78345,158.12760328407762
78346,158.88082268993884
78347,158.58763453362565
78348,157.9545234989443
78349,157.89524462577526
78350,13.283083002334266
78351,90.3157413498079
78352,46.49304594214074
78353,46.626702087328056
78354,46.42189550778092
78355,111.02674294910476
78356,128.48072328940094
78357,128.60264348171017
78358,129.3890616434233
78359,123.40651036719218
78360,17.261381327016792
78361,17.0606520405086
78362,17.00013686157611
78363,16.592433782992302
78364,17.045223613216976
78365,104.37393396097185
78366,105.88177003335038
78367,74.75290458739448
78368,137.74433946035805
78369,187.1743260306872
78370,174.79340278038615
78371,179.15016416079413
78372,160.78217119071837
78373,153.11862046916815
78374,180.23021623349933
78375,151.80009825332547
78376,123.77889197859908
78377,191.6476336472004
78378,173.05393975506445
78379,153.10803437725372
78380,200.69932224245588
78381,183.01110751926308
78382,133.60368438743478
78383,184.7946490736619
78384,173.78856186001565
78385,182.6728664909134
78386,211.80029603637962
78387,176.89688347054135
78388,201.42909915997728
78389,178.7623058799499
78390,166.70532899511585
78391,136.53018167472902
78392,193.15199076106984
78393,157.2229152260287
78394,167.11004082763884
78395,203.60667124114877
78396,184.04339453282773
78397,152.4839991094742
78398,192.60931692978795
78399,186.16138608943874
78400,175.49135471302236
78401,188.32179476361023
78402,176.56088034438358
78403,151.4376604331269
78404,211.05249055675955
78405,153.05504958043372
78406,152.26817835467006
78407,207.18435211930404
78408,151.93944881600208
78409,153.29846999137965
78410,135.19650244917113
78411,127.25302987370206
78412,165.11046765315308
78413,207.66486887975924
78414,205.45628574977457
78415,147.3604693259637
78416,181.58730050967273
78417,130.45208670886745
78418,148.75601408551825
78419,121.21423325140832
78420,29.795687202329603
78421,26.31594786402634
78422,77.55308982385908
78423,56.163016436063586
78424,55.20106199146785
78425,65.76628366129593
78426,26.591553976819128
78427,96.46986290601454
78428,34.5879888611703
78429,26.103633738422744
78430,31.61806279356297
78431,36.99740719549841
78432,26.725953710361424
78433,70.27875604341695
78434,55.6247345402971
78435,113.29371534034739
78436,29.067573331257293
78437,26.708527485873006
78438,52.05954052056593
78439,73.61647022373877
78440,69.82060537945848
78441,29.11401388593596
78442,113.56092372161608
78443,83.41958880339564
78444,148.12626366466577
78445,147.92652695787132
78446,147.74148015375238
78447,147.58065380410278
78448,148.02225303713436
78449,170.86001493512913
78450,169.78165907834193
78451,166.74637817628542
78452,166.8466418103058
78453,166.73790797839206
78454,165.09576852603686
78455,165.71309171546693
78456,160.83901122377182
78457,18.952626260136824
78458,106.68748734618073
78459,34.00176206037318
78460,116.89297150232393
78461,116.86967034687466
78462,106.02772021324044
78463,118.86920469308448
78464,116.82861398589755
78465,117.19422821586399
78466,135.56475563683335
78467,134.91141609384238
78468,136.35407731890933
78469,138.923339404868
78470,133.93399244302708
78471,185.50985440971334
78472,136.03354558036307
78473,134.1784529500012
78474,135.25620609086673
78475,120.11992415063757
78476,141.37359941442497
78477,135.40814217548245
78478,139.6555048193328
78479,186.09629508623772
78480,129.03512152814312
78481,129.0165362345047
78482,120.0006987078719
78483,132.05705149335324
78484,129.56180297222772
78485,129.2288748128176
78486,141.77663307232189
78487,129.39805399269534
78488,132.49404328027128
78489,128.96902533182543
78490,124.57342343930036
78491,128.87162835411698
78492,128.98706960622866
78493,128.9691406910631
78494,-1.6945156855774002
78495,21.284822726532596
78496,37.475509294416966
78497,50.05425502125179
78498,25.276564630036674
78499,37.37855464970768
78500,37.743289670512425
78501,21.021532458079108
78502,37.4915741541915
78503,38.075927031105394
78504,37.68439923233184
78505,20.994143310077177
78506,21.02903488147912
78507,21.006276109217268
78508,21.0016406800856
78509,20.9489811482825
78510,12.215356611677365
78511,37.472258987816716
78512,21.0377152442518
78513,37.72753631183441
78514,21.942779584585836
78515,21.143044725561154
78516,20.997986403917324
78517,38.57336466263054
78518,20.976143191282134
78519,37.53164959219562
78520,21.396717048991107
78521,12.573998528638484
78522,37.622272849467564
78523,21.129892011591394
78524,37.48007223689645
78525,37.63176569296685
78526,37.75094193717241
78527,37.50735766784682
78528,37.741698318540514
78529,26.59498014891183
78530,18.038361826793633
78531,20.968363161586538
78532,37.82904033228813
78533,57.742296688510876
78534,38.510784885250544
78535,21.097713290643483
78536,21.911039737053855
78537,37.64303236475071
78538,21.566500677737636
78539,37.88557999518743
78540,39.56893234548154
78541,37.72041929628121
78542,37.53234551831123
78543,37.789537999587836
78544,8.924338424272165
78545,48.18033307523281
78546,37.577375803460896
78547,20.966174975140248
78548,38.151183461435565
78549,37.52241863935184
78550,37.65788660667887
78551,-7.374225471321822
78552,21.057061151935343
78553,-7.6972090374808175
78554,37.84233612318083
78555,6.160193346686086
78556,21.55203322143292
78557,25.381106554133652
78558,87.1705873591899
78559,120.55692775188463
78560,87.5976868134904
78561,98.3576515570707
78562,97.73409521940196
78563,106.4494442133503
78564,100.80500652101783
78565,92.43182761859724
78566,129.93022580333604
78567,117.30887735797693
78568,127.17560241320975
78569,86.14829408247995
78570,112.73560873383205
78571,99.53968349823468
78572,99.55996960246874
78573,140.80234490544245
78574,98.03796758887718
78575,127.96041524875112
78576,85.18924012722066
78577,151.17027544176
78578,98.25087198348992
78579,107.23683132254051
78580,135.654021460467
78581,132.81847409724128
78582,135.85961104757922
78583,120.0914810519184
78584,77.1880270835547
78585,116.99602947148576
78586,73.18492848465807
78587,84.66814815560947
78588,98.01013222914766
78589,132.07679967221543
78590,84.59171012944019
78591,92.51354972674294
78592,98.21527935165126
78593,133.08311396078153
78594,95.98897993341295
78595,106.01209481784663
78596,103.1570724092244
78597,129.9811830153966
78598,127.535789427752
78599,89.8267973538838
78600,101.26633526392185
78601,102.9575942759778
78602,125.14053880798461
78603,138.11952714765096
78604,97.77763567047636
78605,97.65080218363978
78606,115.11905791918032
78607,95.47840462009508
78608,152.90233881426775
78609,149.4539342528147
78610,129.29593686837472
78611,154.91940723352792
78612,153.5389381667353
78613,111.71453743340733
78614,85.45192380256769
78615,110.7141683837716
78616,81.8845143130945
78617,89.725368508437
78618,139.99871451422882
78619,98.71121705852003
78620,101.85296571422278
78621,127.60763521187907
78622,128.5392817377534
78623,140.53324571509177
78624,97.63745651856858
78625,97.34387231003491
78626,114.41029023518765
78627,154.63620779696004
78628,129.55953737617654
78629,86.69447756999848
78630,77.61930799959079
78631,81.93943714970389
78632,97.96571734019336
78633,97.70479322045414
78634,109.52410038687925
78635,125.87234305053265
78636,81.00589106094189
78637,103.07560370304007
78638,146.95072569573074
78639,98.6828026669947
78640,94.52979553825885
78641,154.05227604458804
78642,97.78050059483031
78643,125.8411598846201
78644,114.26104279216334
78645,101.01012073362854
78646,101.2903673756852
78647,123.59673896968384
78648,124.44632342711229
78649,154.60337182085004
78650,122.24454575444658
78651,98.02645825191091
78652,103.06392036982412
78653,83.54176552095258
78654,99.45750116478469
78655,111.5101445161523
78656,97.66349898043053
78657,104.27393200823037
78658,114.5461541291698
78659,96.29678847424172
78660,141.9423574246781
78661,98.00062725394163
78662,140.46866685450522
78663,109.06166393133917
78664,132.81258512585788
78665,152.76012043132937
78666,77.14627162841528
78667,98.35656284359233
78668,130.53470857243695
78669,85.04058827206204
78670,90.28487518625654
78671,74.0106338859883
78672,75.24222612554361
78673,78.44993673420943
78674,91.1205435867213
78675,97.9543189922155
78676,119.88662443299567
78677,98.11451514999148
78678,97.03745846010439
78679,93.3569456875082
78680,73.88292193963791
78681,147.76617912281006
78682,129.7711859431875
78683,93.38629543089702
78684,106.56289027521741
78685,101.27207593849398
78686,79.72001497289936
78687,86.81050538799467
78688,79.30751715217711
78689,154.98672703255568
78690,85.36923477351577
78691,136.83095028253285
78692,73.3577948977205
78693,155.9670941608211
78694,98.16319108171011
78695,103.91257350353136
78696,98.45837153531171
78697,108.46620712636077
78698,154.37594264984983
78699,152.41589655967715
78700,98.46284813813317
78701,137.25762108613793
78702,97.96717257451162
78703,151.0690774561238
78704,78.42902331314887
78705,125.90541921875142
78706,74.88284144739019
78707,89.79212309337764
78708,100.2915895304531
78709,81.25873726607524
78710,97.78792225831968
78711,76.164687217652
78712,139.0431525480704
78713,130.34987790154918
78714,96.04223005619092
78715,130.79558966552815
78716,75.69857699810721
78717,146.17608613796716
78718,97.68058979476295
78719,155.09179957152526
78720,141.37092249755335
78721,80.56996422171294
78722,79.28680960721543
78723,132.5040035416946
78724,102.39186412822754
78725,75.07526854098082
78726,97.95313847752654
78727,97.97749073454041
78728,131.80842029566224
78729,83.7643067863424
78730,99.42765919434994
78731,125.78742372347621
78732,75.84868720606833
78733,75.72688304841346
78734,102.71952528137574
78735,98.36751618086417
78736,97.94179875546946
78737,99.55857792840807
78738,122.30982354210504
78739,137.40363575735216
78740,86.41857668405989
78741,79.02125373057588
78742,142.96590037940257
78743,77.50032081303074
78744,147.09883387838232
78745,78.65524117522325
78746,85.84030389584201
78747,97.66737682265862
78748,96.68452746395629
78749,97.70658456063838
78750,96.95164598497074
78751,94.10221079085873
78752,97.68940627125029
78753,152.85638572105222
78754,73.06016468609288
78755,93.30682856037323
78756,85.62340500401343
78757,80.16809691570306
78758,155.30684146182892
78759,81.12974619319597
78760,97.78411640549761
78761,119.53184480875952
78762,93.49359589293495
78763,75.87372484514408
78764,124.99512412367407
78765,96.80575548126485
78766,97.74802293493404
78767,119.3844459938547
78768,118.43586142044366
78769,97.8355864739366
78770,85.7598703455917
78771,82.78395588419151
78772,139.10707932994228
78773,132.82001642799378
78774,112.17986010236761
78775,83.76696270878615
78776,82.89565574742771
78777,93.16942834950241
78778,132.45410551355928
78779,123.80175408962207
78780,98.12290520341521
78781,119.01367786550348
78782,130.33219364605338
78783,125.63091956740546
78784,97.92396022287046
78785,96.72107348899011
78786,141.5903936327848
78787,129.31007677503618
78788,97.66251543847703
78789,79.20621168817279
78790,122.23999741492004
78791,97.87238148762837
78792,103.39569872684235
78793,87.48927778239603
78794,87.77294188558433
78795,82.97455645193948
78796,131.031728250357
78797,144.20722157796916
78798,104.7737116377122
78799,105.14361247570663
78800,85.43953618425805
78801,84.2324332775194
78802,76.76341157039984
78803,83.90160662637903
78804,155.2302436197495
78805,113.52032224485158
78806,73.75450070153848
78807,97.68537936770899
78808,82.59853276437532
78809,92.4255897641941
78810,82.18911317182356
78811,91.11112390529091
78812,80.44294145722357
78813,101.63049005304937
78814,131.25632670355265
78815,106.44824555676588
78816,118.30572406619912
78817,156.16123884295052
78818,132.63323051279127
78819,78.58228320234763
78820,148.8203824175357
78821,115.89711055270716
78822,86.08881695844512
78823,102.17938961883287
78824,97.7966624046913
78825,90.89235666459167
78826,80.94752280904866
78827,98.85016908006664
78828,97.81045989077704
78829,131.33484844266115
78830,111.08536248976021
78831,149.66423004202807
78832,104.19686618244093
78833,140.65008217316603
78834,103.86164186302064
78835,77.69167665157535
78836,97.6863308920508
78837,92.31691313634632
78838,127.1013759760538
78839,144.45949905886164
78840,89.1449642788295
78841,97.25790211769412
78842,77.59649357094075
78843,100.8640511095107
78844,132.82750019387964
78845,117.3335812735378
78846,118.31829839941715
78847,147.28140955822226
78848,93.56005438571727
78849,118.65841952436345
78850,169.92809796139596
78851,103.7561039847305
78852,107.49538419121085
78853,103.20541413645024
78854,92.48051191984253
78855,91.14627499406585
78856,132.4110831987174
78857,132.81139721290077
78858,131.3303669594555
78859,119.27073032601841
78860,117.65856165714892
78861,99.19958826286118
78862,103.20741522754987
78863,89.34946062683481
78864,109.373026051678
78865,99.41731802512031
78866,158.75902935685957
78867,153.91702045467463
78868,101.3309157171554
78869,126.69004411671723
78870,140.49591180789764
78871,122.60010554332202
78872,136.7353514385921
78873,154.5981872805279
78874,160.70669763386206
78875,96.19270718007176
78876,121.32938428026195
78877,128.68215138165903
78878,95.99097880733164
78879,151.50624388992037
78880,115.73952798864555
78881,88.9206657500555
78882,113.67326688831893
78883,107.25349220433027
78884,173.7268218181133
78885,102.67413740698429
78886,135.79376185849884
78887,90.04709335529309
78888,95.26403761752731
78889,140.21700112331058
78890,114.81780306868184
78891,108.73233269641203
78892,91.93625927522119
78893,88.72527798282967
78894,103.44453670762131
78895,152.44884092325918
78896,99.08484360592279
78897,116.03909038142986
78898,103.54072961395913
78899,97.83180636055927
78900,169.8028478639543
78901,166.18910464539118
78902,121.46463439090563
78903,104.31494614731922
78904,144.97194173911134
78905,113.39129205551411
78906,104.23059403425383
78907,171.02574274049113
78908,109.58588287665471
78909,120.01110940916887
78910,135.93334204899452
78911,93.69708118892076
78912,116.38025376555176
78913,89.03317990728353
78914,88.25999266809221
78915,99.44184759092953
78916,110.74661893814086
78917,135.59687123808692
78918,135.75968233148905
78919,129.57028934308238
78920,138.6209375998609
78921,158.76550969878758
78922,90.74781966033659
78923,95.41500853425286
78924,157.8425486130442
78925,165.71356179457388
78926,87.70236997376956
78927,146.16412412712197
78928,120.80992495371792
78929,154.85134809136025
78930,98.25287737068957
78931,94.38440975926183
78932,101.64443177984744
78933,156.03861482357047
78934,113.9992908633454
78935,147.71905808963703
78936,154.1110005485308
78937,118.78000693581096
78938,97.06354169199982
78939,120.54697151142871
78940,156.76095870811304
78941,135.00884159673018
78942,97.64905110045673
78943,96.23298473189546
78944,94.94363336993224
78945,103.2146121357729
78946,115.91436289741243
78947,119.56268127719117
78948,110.8843233895857
78949,96.7820965640989
78950,92.08700066278537
78951,112.69267977522146
78952,97.28059527687957
78953,127.96229646089684
78954,99.5745800562013
78955,125.66303604264137
78956,161.3491376563348
78957,97.6303831969485
78958,166.5241940963013
78959,110.84123122437008
78960,116.82110288678611
78961,143.7385024544517
78962,94.44442330462023
78963,90.95333272272988
78964,98.58338346389898
78965,127.34184200814254
78966,94.38373014967262
78967,163.36511235177267
78968,153.75891458689716
78969,115.50336829734557
78970,154.27838531838478
78971,105.57388830692459
78972,89.19227926039603
78973,129.52992817740636
78974,98.76807161167939
78975,161.15262423870786
78976,126.73476933598296
78977,131.87650194930785
78978,174.99318735884634
78979,122.53870829926332
78980,165.30094038300365
78981,115.34221972167596
78982,134.51826255077708
78983,136.78344317791544
78984,141.1386168875968
78985,114.60504654246911
78986,150.6187901366747
78987,121.40915885521808
78988,117.73770379897819
78989,101.01065973616979
78990,89.57241495179422
78991,116.71651404237808
78992,121.90861262252382
78993,106.59869531477402
78994,90.20873021947808
78995,97.61473510027336
78996,113.63403612671429
78997,162.69784180630438
78998,106.52606573904383
78999,115.40165440856846
79000,133.27235516985314
79001,144.53692891094397
79002,115.7021333371046
79003,87.43343834071099
79004,159.16554709348333
79005,161.84759240553848
79006,94.07401245720224
79007,131.5261670056134
79008,165.3993857013145
79009,124.33575075823752
79010,144.57877487553054
79011,122.35875426657428
79012,97.5873232893703
79013,121.4750063987848
79014,145.4013191775291
79015,128.20117523268823
79016,115.6131621612363
79017,92.86372468945173
79018,140.83592362727336
79019,88.58936111731838
79020,153.69071533567234
79021,90.11657634036125
79022,122.99258531340139
79023,112.95582036755327
79024,174.29934423276808
79025,169.0379925131295
79026,170.66929290306
79027,131.18887370009713
79028,88.36009840428385
79029,113.31992217837951
79030,159.75918732021285
79031,119.31499011401426
79032,136.98386724201453
79033,93.2301756638259
79034,94.8066241298069
79035,105.37338353212992
79036,148.2470501614677
79037,115.69447644684952
79038,171.04233593971213
79039,134.89063871984422
79040,167.2043827792474
79041,124.37287985276252
79042,139.772561807248
79043,94.87856276233983
79044,112.868925621135
79045,116.86758287417886
79046,134.5460991545026
79047,126.77684667077891
79048,88.92278028054973
79049,114.05975371824589
79050,160.18389792742101
79051,134.4416571203633
79052,101.46565757154498
79053,139.57884257921955
79054,126.74842605484649
79055,164.83988274048028
79056,105.40737448095932
79057,90.25340802268984
79058,101.45497248223081
79059,115.7888093047465
79060,106.66694525154544
79061,148.11453358484977
79062,116.67117270696879
79063,138.43872489245695
79064,130.63189012765787
79065,173.31536200229607
79066,94.38328200643544
79067,122.63697963000034
79068,97.69684362549891
79069,144.46210844600864
79070,138.29168513853205
79071,110.96189948554446
79072,99.03178773965867
79073,124.34960956470827
79074,114.22797721984666
79075,154.24431214260545
79076,140.2854935069218
79077,125.42057816050634
79078,110.69176352109282
79079,89.21196110073588
79080,116.37043721514884
79081,97.00994532097509
79082,141.93392066483943
79083,111.14428232736311
79084,112.00594483409016
79085,159.29930558382569
79086,138.70714881618557
79087,134.92432518677248
79088,96.12037410132528
79089,93.33673934740786
79090,107.47601385751322
79091,125.84205583942979
79092,97.4680733520622
79093,99.10150171291802
79094,144.14220735836108
79095,130.45132575013974
79096,162.78160888057948
79097,160.47955410943524
79098,160.63387066948945
79099,150.6586157328323
79100,157.66039760050836
79101,90.11657634036125
79102,175.2423964081446
79103,90.39362178963394
79104,155.70191929459958
79105,118.3338058298685
79106,154.47700256619828
79107,109.4594639127336
79108,134.7694058889972
79109,106.10345398851659
79110,156.9291146530403
79111,115.83821259613173
79112,177.64046922636714
79113,117.24116501850177
79114,118.67386890120822
79115,113.70013469070433
79116,93.77873374266757
79117,126.26139546960722
79118,118.3566432586481
79119,88.24192384499467
79120,143.1269449369069
79121,156.59094422340166
79122,143.24052164506026
79123,115.41464773804789
79124,166.4289698220199
79125,157.5856535610843
79126,122.62258065254493
79127,89.13395486290752
79128,104.89811995412636
79129,96.43565483005092
79130,108.24353985590905
79131,100.35801215866503
79132,87.39071849456066
79133,128.6657739666839
79134,100.48967192520887
79135,174.25789762767812
79136,129.77462245767833
79137,164.80493553176404
79138,117.48914327848497
79139,98.71580163341373
79140,150.1722002290196
79141,131.97290399359036
79142,107.69759651561056
79143,154.30653107581276
79144,133.66505253110097
79145,153.34355084743788
79146,130.68672229059774
79147,148.6683293942063
79148,115.33585132665188
79149,116.33152877106566
79150,144.93131498886243
79151,160.13391319167908
79152,158.83063186175906
79153,145.9799967825461
79154,87.74258056160728
79155,113.74783138913874
79156,162.01407216874753
79157,169.72981656670163
79158,105.79794463569134
79159,153.89802832952876
79160,101.96422925775376
79161,170.52553385536896
79162,152.1999100072232
79163,117.9466381825416
79164,102.19193037344469
79165,174.57431714835047
79166,85.74203169024555
79167,107.62814622111064
79168,91.01212559508794
79169,87.17558219953297
79170,165.97653688069045
79171,88.67506364582796
79172,98.04754807885435
79173,115.87907148712712
79174,117.12432150968387
79175,95.09710213165688
79176,159.50432394527382
79177,172.12859899862485
79178,155.6091947591015
79179,150.3847484363166
79180,87.04989511748353
79181,87.11541529839072
79182,141.3784021592474
79183,160.2432520860932
79184,146.4062152375131
79185,105.02577067337067
79186,153.72404675243462
79187,171.16196656837218
79188,129.9942981469021
79189,137.83177018406076
79190,86.4950482555373
79191,143.6357628538418
79192,100.49300366811956
79193,99.2538266165969
79194,134.8073454460452
79195,145.35446946062387
79196,174.35586173965658
79197,147.7746600409879
79198,99.77543693297515
79199,110.83287202016923
79200,173.49735238228521
79201,95.4987718254345
79202,117.15972861173957
79203,125.74731880025793
79204,133.065220075786
79205,106.82658603442711
79206,156.06642091038208
79207,105.8129636192965
79208,119.71666475587485
79209,92.37808830918509
79210,98.42908657829635
79211,91.01511036599003
79212,87.58313112760548
79213,100.4356830311395
79214,115.36199404780696
79215,164.20097829651274
79216,134.97758000366804
79217,151.2193962744587
79218,103.5031631637904
79219,131.61779742118927
79220,102.59723900660912
79221,115.06084615616253
79222,113.48046679645951
79223,92.61526784891772
79224,167.00313142296017
79225,164.93223715795062
79226,105.07372549870014
79227,174.20591346319583
79228,100.43713488692644
79229,109.03252768830966
79230,151.4740186833177
79231,94.08536614406076
79232,143.02732543587257
79233,92.84257257953102
79234,115.19134665655501
79235,123.41082011923761
79236,101.17043696666907
79237,139.86386673734683
79238,160.0027234227797
79239,165.66638326320265
79240,116.11292873556395
79241,100.64289471505491
79242,128.92617569278065
79243,100.37125370159966
79244,164.46146424500176
79245,105.52287047481106
79246,147.33948968214384
79247,93.41448249845628
79248,111.84225548741229
79249,93.4586369060621
79250,87.37198804304823
79251,136.71702568639478
79252,123.31385208650387
79253,169.60336012703908
79254,143.36111011692248
79255,156.85754663539092
79256,174.43572317658334
79257,117.17064825523694
79258,106.91362806074336
79259,149.4140265649097
79260,173.3912432804712
79261,137.68685834261083
79262,91.04356508646346
79263,127.71250367220527
79264,101.23299398983956
79265,96.30938687690953
79266,104.1650083532128
79267,87.59466936210389
79268,94.23396668780053
79269,153.48085247727823
79270,98.1530374422252
79271,133.99525777821253
79272,103.11236644981553
79273,115.73602686319195
79274,153.14877830880505
79275,163.65784400980232
79276,107.7938040489676
79277,114.86925339984676
79278,95.26791331654819
79279,128.86220889519547
79280,171.59037215898786
79281,107.2702921901991
79282,129.41284154049453
79283,149.5004788752414
79284,174.28300103806868
79285,126.99409646178357
79286,120.82267135071827
79287,117.95120831601129
79288,116.74944205463898
79289,155.86521237355885
79290,149.14339637487848
79291,88.94013105316544
79292,95.02600109881065
79293,107.10052674324903
79294,100.66795028455239
79295,89.19703656702767
79296,87.34743151858534
79297,134.78694434878827
79298,97.98571770785911
79299,135.86954988756048
79300,102.45132194383304
79301,94.50910667239502
79302,101.36669347315994
79303,139.84252654597907
79304,142.3162872211717
79305,120.37246911176278
79306,148.85037962254557
79307,101.52212512740978
79308,95.241736416406
79309,156.7619185802438
79310,88.30184781725659
79311,106.6868798234034
79312,147.54960735722773
79313,126.9210145461153
79314,155.72161260292017
79315,153.20405216015178
79316,150.83301090146483
79317,89.670664954244
79318,113.22987647976468
79319,141.84271294722873
79320,121.7688803329366
79321,135.28549547253857
79322,91.47284653062907
79323,118.79976373344779
79324,118.31226654654132
79325,165.61957434028955
79326,85.67340362885567
79327,148.89553399439666
79328,86.61105985087549
79329,105.73048572949487
79330,149.431465930804
79331,122.00095641049263
79332,119.80482662951708
79333,173.66798341854724
79334,102.91588138153107
79335,92.21413035914627
79336,92.08258606007801
79337,170.9121102016166
79338,98.80976579159064
79339,95.74510979681504
79340,107.68005578532457
79341,122.19219686986035
79342,127.1438198694848
79343,105.07957788746724
79344,138.97777621962456
79345,167.34983384388437
79346,123.38800323309358
79347,119.9111434359282
79348,134.00871062190936
79349,147.199161226888
79350,90.7337172973363
79351,167.72224183769254
79352,152.5283812422657
79353,139.34142944091298
79354,111.83673402361909
79355,110.33483585343241
79356,164.68437110371303
79357,156.84669177204393
79358,97.1510115955635
79359,121.5005326961771
79360,135.44676467626965
79361,168.2218963481214
79362,147.96789959628342
79363,169.80709213791795
79364,92.51961226698741
79365,152.20264190512512
79366,88.39569951026188
79367,131.15798264711424
79368,109.97121310637
79369,156.84258420804161
79370,128.99712815550242
79371,143.2979496482145
79372,149.39670827120142
79373,113.09228535859718
79374,126.69390395795513
79375,91.02067665156137
79376,140.36098386359168
79377,120.64518914940827
79378,158.28430851720856
79379,87.96199918240951
79380,162.9006521077722
79381,106.27314967454951
79382,96.82094434082843
79383,131.91094384771958
79384,126.81359408114723
79385,141.59047927214533
79386,116.8984616264285
79387,149.0968338138302
79388,136.74027267632516
79389,137.9265342679206
79390,168.07158629370355
79391,166.59777947691606
79392,86.69065312466996
79393,170.22429689699692
79394,155.5529787607161
79395,111.04646894935424
79396,138.02046488326351
79397,120.51915086138906
79398,134.2143457416508
79399,87.7511097886672
79400,175.17846171416375
79401,142.45618699420197
79402,154.14208915875759
79403,93.5753542680264
79404,162.85538116675525
79405,131.3094867044831
79406,135.1340347854417
79407,147.85606776350073
79408,114.53922408328968
79409,97.436384799435
79410,135.0289078794088
79411,110.2835924340127
79412,118.76927933363383
79413,95.17330547510359
79414,133.96296692454757
79415,107.48445898461368
79416,155.30042405223247
79417,118.59840575836664
79418,129.11051676090534
79419,127.68471569094537
79420,135.87749890404922
79421,93.60353119239873
79422,108.31005132810684
79423,119.8709300085222
79424,118.61391749117352
79425,128.24668542526774
79426,136.80898858401696
79427,134.61180308981324
79428,122.9805141363294
79429,133.96296692454757
79430,88.9602283436031
79431,98.95294777525716
79432,87.59567815705493
79433,167.559127026356
79434,150.6655336985396
79435,157.63074969386236
79436,172.33239147908694
79437,123.14570107726031
79438,164.55284048189964
79439,101.68701064382496
79440,92.21597021152435
79441,167.38571269460317
79442,141.98812654252066
79443,118.64863819778988
79444,167.3320149289719
79445,111.99539629402501
79446,143.55543194804056
79447,123.47535357992986
79448,111.90263515977769
79449,116.76058562670768
79450,148.78881450868118
79451,103.90005338280976
79452,138.5093926058483
79453,106.66984044468866
79454,154.40331127338465
79455,153.83171347704547
79456,103.36447469675734
79457,123.88538004147038
79458,127.4471752561763
79459,93.68984655264846
79460,127.8313267072361
79461,105.71909964892758
79462,112.89830010673508
79463,144.93822481944778
79464,114.81932796143262
79465,114.34626054356708
79466,96.49086573412605
79467,112.45710039539902
79468,128.69946147439924
79469,145.49541176974338
79470,167.36858963203605
79471,155.6565944125207
79472,98.28533922262257
79473,132.7202037585916
79474,175.4538194573762
79475,177.6353626184037
79476,94.70937134328999
79477,173.42241384697041
79478,113.06667066176259
79479,165.3672921462021
79480,86.42259972359663
79481,147.65723133388514
79482,133.88428382376253
79483,104.74480242469237
79484,157.89280215229547
79485,120.27531296321065
79486,126.98397219207389
79487,109.8492538261779
79488,140.4690721524471
79489,111.8044409254601
79490,110.47756168527515
79491,92.1453338901777
79492,85.72161613404488
79493,104.5868813426783
79494,137.9007857557046
79495,110.3098323422518
79496,87.58191284756289
79497,83.36731419489244
79498,152.56393939264876
79499,142.17742025710635
79500,167.73505029986882
79501,166.4500631343551
79502,163.6798195592723
79503,118.58614640384162
79504,105.21250309108429
79505,112.96414103910065
79506,136.82379231399483
79507,83.35396652451128
79508,164.81311841392113
79509,160.57852697521804
79510,97.08080626381646
79511,141.0601618713581
79512,92.8906114093323
79513,112.69607322549918
79514,92.67745728846013
79515,111.27829891229779
79516,139.16259534478644
79517,91.26888088357977
79518,100.89014225491071
79519,163.71324421957303
79520,90.52560552314152
79521,136.27217308375543
79522,121.80663698741775
79523,144.88330670286064
79524,163.93787543055936
79525,96.53923207686937
79526,103.80398071021689
79527,80.93750772672134
79528,163.08978203168914
79529,116.85452166714312
79530,109.67482612414567
79531,148.4545134738848
79532,109.1666290979686
79533,89.32809916511586
79534,106.95872167370898
79535,135.16941356504128
79536,163.21669566304752
79537,146.5370746407123
79538,108.49494004243387
79539,129.39069249625533
79540,80.9902284738862
79541,99.13291789142438
79542,115.66556583317167
79543,160.78913911819996
79544,122.98575977612809
79545,88.59289628094434
79546,161.48695878442157
79547,81.62028362342345
79548,105.19952897272323
79549,160.36670727911945
79550,80.95154855340623
79551,148.24747481026822
79552,80.68039175341922
79553,96.36036322293653
79554,100.8731604928319
79555,110.05055323858831
79556,80.68122719128668
79557,154.59101665480893
79558,150.932097594389
79559,94.71340430437955
79560,110.34580335954267
79561,95.74663150764742
79562,99.57266446753185
79563,85.17491008008797
79564,167.6254954747927
79565,103.53235567544804
79566,104.54896230834883
79567,94.6086213168155
79568,107.87481536108983
79569,90.96107440284858
79570,80.72140993070583
79571,81.70808095346383
79572,80.68327350610046
79573,158.8541826751976
79574,80.80006188305846
79575,115.70637173925881
79576,123.9313315217823
79577,105.35072966787327
79578,144.76921611993106
79579,95.86764527424593
79580,166.34875836836864
79581,122.92862875499388
79582,103.68853620748153
79583,141.50465989491704
79584,145.6115136022209
79585,140.42375458508997
79586,137.1462229020687
79587,110.52173185614363
79588,137.1438895728653
79589,132.3289653204846
79590,83.43952699879883
79591,138.9491104124029
79592,150.04106548958453
79593,105.97796496079177
79594,95.00412000483742
79595,116.7538095154077
79596,126.27152677653574
79597,155.2041213393622
79598,105.3720620576686
79599,84.24223071774092
79600,129.27761334121084
79601,111.32007742970409
79602,92.8119027417904
79603,80.94195036021152
79604,107.12918441326038
79605,113.1629325748177
79606,93.68394359051003
79607,169.0645174439191
79608,111.41825161995591
79609,84.22276324593754
79610,101.06945466095333
79611,159.28053434639483
79612,130.68827759555705
79613,94.155321093025
79614,101.7243051235691
79615,131.90270631239514
79616,89.37204009575738
79617,140.85816343259137
79618,91.90356409390826
79619,80.99897197618962
79620,97.32872371131249
79621,138.06767270169473
79622,164.16380479608796
79623,150.057838214026
79624,112.26648251248368
79625,80.7355418086541
79626,108.8469327308698
79627,81.0343813245599
79628,150.0013755964958
79629,113.06565864434613
79630,143.44823434839458
79631,126.74887728192935
79632,105.22476346011568
79633,137.12484388043296
79634,127.68766482384986
79635,101.17304905350683
79636,109.96943659869662
79637,85.72081198848413
79638,90.41109463305456
79639,90.73034352775427
79640,150.56222044270876
79641,161.7142207237137
79642,109.72303531282104
79643,141.97300479512225
79644,109.81833922880064
79645,96.29876505117825
79646,107.96314156595334
79647,169.20407264429184
79648,134.60497478032676
79649,103.64900050446543
79650,82.22069256384539
79651,147.5390348024922
79652,87.7024898461842
79653,91.00999062057626
79654,110.07488781424978
79655,20.346803610699382
79656,-26.080543291195497
79657,18.49211683410833
79658,117.48068207419358
79659,118.52902958963786
79660,117.99127204454187
79661,117.43591440693608
79662,117.98076778946181
79663,118.30684472082565
79664,118.31338863748313
79665,118.419562660795
79666,155.0929831820398
79667,154.79705600466406
79668,154.77066616607578
79669,153.87620537275927
79670,129.84159553740642
79671,130.0885759178684
79672,129.5239480303744
79673,151.32802707856007
79674,151.63265944175237
79675,147.3055379349065
79676,154.0495662997983
79677,142.25673469879308
79678,142.55262973364256
79679,142.06430113603852
79680,143.2860588861784
79681,114.70034336653346
79682,204.0548031997617
79683,145.9015791608516
79684,161.14879561400755
79685,161.9103846624813
79686,113.1297129174048
79687,99.05846702097143
79688,74.35420067414985
79689,143.62550628433826
79690,107.75598790174924
79691,110.17340293723602
79692,112.25891326076804
79693,112.8644526057134
79694,101.41666755386824
79695,101.29785719918023
79696,100.84115741927052
79697,101.06407129267713
79698,133.26320178110961
79699,138.001229265336
79700,101.31525457301318
79701,87.67133639072743
79702,124.3070926499007
79703,125.06820355461447
79704,121.44860954313155
79705,112.44157378563246
79706,128.33632833230502
79707,120.43490120467918
79708,122.21740078427725
79709,128.21497751011378
79710,110.03128617076509
79711,134.8016215973783
79712,128.27130124254012
79713,136.23319969113442
79714,115.40566561843384
79715,124.37184050399138
79716,146.40516061838287
79717,113.5139804010992
79718,113.75805171819279
79719,97.55998841580403
79720,114.06061954831266
79721,160.8692661684338
79722,130.19966095890777
79723,145.1319484721344
79724,103.68066879297122
79725,148.7398349574791
79726,13.820161684078144
79727,-15.552673658629018
79728,-0.4159204421484759
79729,23.268213484875147
79730,-7.626724238874701
79731,5.521387701762919
79732,5.513446775842695
79733,55.653252058321115
79734,-13.505075926386851
79735,41.546636144556956
79736,57.64698955262698
79737,144.4866587056502
79738,144.09458535564238
79739,144.24942990909602
79740,144.37413807204678
79741,77.03119075200367
79742,93.41700337428982
79743,116.60670239793966
79744,238.90579482687832
79745,228.26667481327576
79746,241.2329015556747
79747,215.34305963518904
79748,210.41818448510372
79749,212.39145020712175
79750,210.48948908598837
79751,124.78774167443216
79752,146.51134550107884
79753,160.21829846202098
79754,-8.143926759880074
79755,-3.046313503145896
79756,-41.485138270863715
79757,-8.026122538028332
79758,-35.34881101110908
79759,-8.291447284823093
79760,3.794353128319969
79761,-11.61087458628377
79762,-18.713002399912526
79763,-43.264856503369614
79764,39.42256238301975
79765,-33.66191818423282
79766,21.564226809259523
79767,-24.760494681062696
79768,-36.26107379942913
79769,25.89921907544543
79770,-31.698489509337563
79771,-21.088111647079856
79772,-43.269062994097155
79773,-52.94783694190248
79774,-10.485114260162007
79775,-28.322954250431494
79776,43.633395535657414
79777,-47.673304204072664
79778,-24.010840122100447
79779,-35.264645601706135
79780,-24.87333248459514
79781,-12.214688886493477
79782,-28.557547716031237
79783,-40.634894601982
79784,-19.393340183976576
79785,-27.502032969754012
79786,17.381450481441718
79787,-24.49515877536929
79788,-32.69260022352755
79789,-52.84825768472659
79790,20.303069582928586
79791,-1.82926583889828
79792,-18.408383763126082
79793,-21.16825176250812
79794,-38.79589039571162
79795,-23.805849508589844
79796,-52.018042804804494
79797,-46.79680257324752
79798,-51.209372733080656
79799,7.2667617660358275
79800,-45.68746444168083
79801,-30.12833497868455
79802,-30.1063644746594
79803,-21.154377326228044
79804,-15.146252449847836
79805,-10.473765960325622
79806,-32.70793981037535
79807,-43.29465745569756
79808,-38.04326843510533
79809,-8.033998597848509
79810,-25.591950128685554
79811,-28.32887743569141
79812,-28.377001500312204
79813,-48.54538618125888
79814,-33.40981380957972
79815,-16.424172516775386
79816,25.941153835960662
79817,-27.21555806076954
79818,-8.028604098230275
79819,-8.35341893095601
79820,-8.34596007826859
79821,-24.845971755286698
79822,-20.72143647903367
79823,-8.032602456727645
79824,-9.683243797743486
79825,-52.92395247424416
79826,-24.864863459364628
79827,-52.055570258393274
79828,-41.98922384866522
79829,-8.101844815240796
79830,-5.2664330131452886
79831,-51.05016312984496
79832,-5.378174665059575
79833,-14.766457334422697
79834,-46.816694492146254
79835,-1.4785202868759342
79836,-8.194057584560781
79837,-52.957208326460076
79838,-18.70042481470243
79839,-24.854263455970496
79840,-27.4843278208172
79841,-24.82251879319317
79842,-7.205213127652897
79843,-20.327740466888983
79844,-11.718558180221308
79845,-23.94196507383107
79846,-9.014871089287496
79847,-24.785375549187833
79848,-19.509405815746035
79849,41.56648931039187
79850,-24.858622747834758
79851,-18.410730940588778
79852,-0.9934414607646289
79853,0.599610461616308
79854,-34.32097638882475
79855,-52.86032324333131
79856,-32.62787610065983
79857,-11.513766036493351
79858,-3.0695629499812895
79859,-24.85654902337471
79860,-24.798006381746106
79861,-37.331904870168486
79862,-37.13565439441136
79863,-49.41405892189452
79864,-39.78296092097746
79865,-41.520447650284595
79866,-51.82992799706294
79867,-24.818169369965958
79868,-47.653591026928595
79869,-40.644041641423186
79870,-22.393190521251157
79871,-20.715368016679733
79872,-8.120366111644827
79873,20.773537990088684
79874,-24.802933781980173
79875,-4.210275975717437
79876,32.305758283447645
79877,-8.00066956370047
79878,-24.661745677770327
79879,-35.12687893985402
79880,-39.45776064603881
79881,-38.4901006123048
79882,-43.300313081469355
79883,-46.75496662545315
79884,-0.6270033675778706
79885,-30.08340605886154
79886,-22.386784201891246
79887,-29.954201566128077
79888,-52.828913513326924
79889,-7.952476526845075
79890,-44.18953757605372
79891,-8.015236588705406
79892,-52.08145655019074
79893,-40.464707500913775
79894,-29.25537918649134
79895,9.546762399268957
79896,-7.297934021304158
79897,-24.83301891484352
79898,-8.34833164354454
79899,-39.303030390955584
79900,-24.25979038914572
79901,-8.005449488753655
79902,-35.335495895345204
79903,-35.32510300057935
79904,-53.84684137586741
79905,-4.072144865299791
79906,-41.472988977026816
79907,-30.1380367480255
79908,-22.04404248806047
79909,-52.73625788622222
79910,-40.665126829884215
79911,-14.769539480587198
79912,-37.07017013060083
79913,-13.455927153144998
79914,-28.204088176048188
79915,-8.329317508742932
79916,-6.26054758111168
79917,-25.597086069310805
79918,-29.128139126384767
79919,-26.78110691796148
79920,-47.667626822932434
79921,-8.023354239376616
79922,-31.06054087045483
79923,-34.378601855575724
79924,-32.43644453408557
79925,-8.15771239649969
79926,-30.98143667860471
79927,-49.46130219871087
79928,7.76698952564108
79929,-23.27985434292158
79930,-44.91823394725496
79931,-51.754525186694124
79932,32.799568306991304
79933,39.698361463967146
79934,-25.717291344878603
79935,-23.76311010333596
79936,-53.84495359739769
79937,15.555203471001946
79938,-28.30536405184749
79939,-8.390684515029577
79940,-44.5395638414967
79941,-19.597360746889976
79942,-8.020119501783014
79943,-19.12756200042692
79944,18.251098272446754
79945,-8.024635664719781
79946,-37.33498674907726
79947,-24.857705756445156
79948,9.356963969065802
79949,0.8861208845813024
79950,32.99984671254994
79951,15.635727649076117
79952,-39.79807801078833
79953,-10.496435276702655
79954,-8.198693347322987
79955,-36.26860720868312
79956,-46.82397152411737
79957,-7.930188669411919
79958,-42.37318292617583
79959,-52.90795173877835
79960,-31.017337070992525
79961,-6.216936736009828
79962,-24.860890417888683
79963,-24.870547362924682
79964,-20.27810022972666
79965,-36.431154365750515
79966,49.790561949039144
79967,-24.86032696930424
79968,-12.517064874605907
79969,-49.35331939784554
79970,1.6642368468685191
79971,-24.865414345800943
79972,39.22621669924
79973,-51.18944298683236
79974,5.62792961558803
79975,-10.829328833126269
79976,15.084973121058866
79977,-35.40313931219133
79978,-23.54065217512722
79979,-8.344243472821447
79980,23.093027945698722
79981,-24.87266593440016
79982,-41.55347802198638
79983,17.747911227953708
79984,-25.579676674249285
79985,-22.88053861492783
79986,-22.22909989730978
79987,-10.787356349625313
79988,-41.54000275106556
79989,-10.098029022955686
79990,-18.813278566031713
79991,-34.35681466400548
79992,0.6297292731209296
79993,-28.234760783659695
79994,-37.125326187575
79995,-8.3246793715454
79996,-53.78952237421417
79997,-46.816608842459786
79998,-24.87488098142647
79999,-24.792886053121023
80000,-16.49550674094523
80001,-8.284619025584718
80002,-46.791138496046855
80003,-16.71821360014529
80004,-11.271655940312982
80005,47.32854212840475
80006,-53.506294353509745
80007,2.4161077014838526
80008,4.117261931952228
80009,-31.02399317884091
80010,39.88131436786411
80011,-35.39625666296159
80012,-39.71105001347779
80013,-45.02405341871456
80014,-26.62862077841423
80015,-28.124617412183838
80016,-35.96532857943309
80017,-36.95912338229088
80018,-4.518514300381824
80019,-27.848963355650696
80020,-29.832753719319854
80021,-10.662169591013893
80022,-19.022279206056922
80023,-7.407728220869771
80024,-24.84115961065025
80025,-34.6864830583891
80026,-2.3836581632737506
80027,-16.726444239836766
80028,-0.26655111579630386
80029,13.242892886792717
80030,-15.172252082788688
80031,-24.71178042474837
80032,-24.841654082415445
80033,-40.62726562258443
80034,-6.595748682543459
80035,-23.916172602062247
80036,-51.1768913333609
80037,-31.156021560344712
80038,-30.98195960632863
80039,-53.83768209335396
80040,-25.587464154473324
80041,-51.09540959049268
80042,-9.605111947916825
80043,0.9449321983852457
80044,-9.652999734929963
80045,-32.752627289498875
80046,-42.26882222840713
80047,7.705887224783268
80048,-8.026498407978565
80049,-0.22144791838861977
80050,-16.89114894703347
80051,8.50632381315306
80052,-24.858122020905498
80053,-7.988978242402155
80054,-24.772298846258124
80055,-8.007016789432882
80056,9.387983162682232
80057,-22.9436130921399
80058,-8.179994697986515
80059,-17.820327265944158
80060,-53.806872066615355
80061,-9.925207572213466
80062,-9.074799037293204
80063,-44.1914815910241
80064,-8.024863543470289
80065,30.05679197552884
80066,-10.812202989319118
80067,-28.531656779003086
80068,-10.526964183402711
80069,-44.17776886377253
80070,-6.841438523764836
80071,11.856352316856757
80072,-8.233702856168847
80073,-49.42595224660947
80074,-32.38946468223703
80075,-31.343171146198657
80076,50.23613657921966
80077,-41.496884923255536
80078,17.515130221197538
80079,-27.29829905730473
80080,-50.93251025817459
80081,-50.222397013456415
80082,-32.61966093737165
80083,-24.789804329672265
80084,-24.877391917549105
80085,-50.33042532859825
80086,-45.83894598554234
80087,-28.484122221055756
80088,-24.827923776889335
80089,-8.343304436097227
80090,-10.46889917456717
80091,-24.80327983058355
80092,10.301031665185533
80093,-24.778118789002278
80094,-23.247597592839313
80095,-33.45430952481941
80096,-31.906420458446448
80097,-45.92560985872886
80098,-7.993595328757422
80099,-24.853975046521143
80100,-37.029716997277305
80101,-10.110890461342663
80102,27.13480956975785
80103,-24.86413743009176
80104,-8.338276064142732
80105,-8.179323028025166
80106,33.18026512435425
80107,-53.635172277970966
80108,-48.58640257044162
80109,-15.957459337612889
80110,-52.825907519107645
80111,-28.33310375277823
80112,-8.295088302286288
80113,-24.139841207411948
80114,-24.8477608764956
80115,-49.4211975256914
80116,-41.57164734752972
80117,-8.334264289910081
80118,-39.70214039310217
80119,-7.841198089681498
80120,-24.80670170381272
80121,-24.833090585173792
80122,-50.32515910670672
80123,-8.33039853529435
80124,-33.6113214708199
80125,-14.921527889437826
80126,-32.77699343678374
80127,38.205455237095734
80128,16.42254987748892
80129,-50.988352715137225
80130,-30.994790119688147
80131,-53.84354438232775
80132,-48.562654587393624
80133,-24.8499079557498
80134,-50.25187411797553
80135,-10.109220202086036
80136,-37.16986045740096
80137,-8.308504858631139
80138,-2.0426699549112044
80139,-50.30375591743994
80140,-21.39849281924633
80141,20.779234723052483
80142,-2.488942735102725
80143,-35.182083274561435
80144,-46.798147649454094
80145,-45.039358547140566
80146,-45.922107834631035
80147,-35.14052830729891
80148,-16.800864243535173
80149,-34.35580537658667
80150,-45.91853250755911
80151,-37.17671844231539
80152,-28.824449445767854
80153,-22.22596497338138
80154,-17.68275882511135
80155,-8.529920378588642
80156,-46.78559238250959
80157,-24.876208286633343
80158,-6.969359005169977
80159,-13.776933508979837
80160,-8.168347867362726
80161,-45.81541486796401
80162,-35.22434345446307
80163,-27.445993145669533
80164,-24.857416099078634
80165,-29.01311135861512
80166,-22.056322002097417
80167,-24.871230726892108
80168,-7.981437329700114
80169,-52.02560750443352
80170,29.433665574657496
80171,-47.59919428426245
80172,-23.062926641519525
80173,24.21092576673867
80174,-8.00381277507519
80175,-24.837136906913415
80176,-53.859070598738285
80177,-33.37613049614352
80178,2.0693020000667133
80179,-16.696648787417203
80180,-8.026502748688287
80181,-24.781919202982166
80182,3.4028670478803207
80183,-28.12756161395602
80184,-10.653312311855544
80185,-24.855880647810565
80186,-24.674933154682762
80187,-31.889621816821077
80188,-39.644729279318355
80189,-33.563587513881814
80190,10.26322705145121
80191,-31.87228638558672
80192,-46.57485059006591
80193,-50.09425883036862
80194,-8.319036307921735
80195,-10.761089081942103
80196,-24.8589992186712
80197,24.284428919952788
80198,-10.711396670696374
80199,7.7092194039814075
80200,-20.62963121237
80201,-8.513888070937341
80202,-24.853481865613603
80203,-52.05962676784564
80204,-24.845136651049685
80205,-30.283901274687665
80206,35.03274334294859
80207,-14.95758745595434
80208,-8.352979419388575
80209,-7.942093819791964
80210,2.7511018667735954
80211,-24.85381671745715
80212,-38.863096957236095
80213,-24.802575846645297
80214,-44.129948797166875
80215,-29.8327955164833
80216,-20.11027897719164
80217,-5.55690368833767
80218,-40.60917149175917
80219,13.918635442786083
80220,-36.00577189593956
80221,-24.798736432653
80222,-33.62858333182446
80223,-24.85999892169103
80224,-28.22079337814374
80225,-19.59027827667755
80226,-24.850743163626802
80227,-10.195245768809045
80228,-24.72423441545145
80229,-38.84669358032515
80230,-48.500841939155904
80231,-53.845971160502515
80232,-37.15712518127826
80233,-16.91698861259117
80234,-31.142372758090815
80235,-32.737479227664934
80236,-24.853446553604712
80237,-32.063354920107614
80238,29.215531458132958
80239,-15.820954429814023
80240,18.47610638245915
80241,-15.657856864582456
80242,-40.82951650949177
80243,-15.67130942290764
80244,2.6311508212106247
80245,-51.28045896144927
80246,-30.47254214676711
80247,-5.631942595145219
80248,-6.821712416494094
80249,-15.773452312194124
80250,-6.886000918835961
80251,38.64444054683385
80252,-2.37423250609838
80253,-9.670887568396765
80254,-61.08889694295287
80255,-31.415878403285248
80256,-27.66976331797774
80257,13.143886022682196
80258,-37.560643486256865
80259,-8.420571095150578
80260,-36.90616765181839
80261,-26.852345783851078
80262,-40.92749612242248
80263,8.784498960527472
80264,-15.869095828887893
80265,-1.5693074493160992
80266,-15.85585057191615
80267,-26.366841157408075
80268,-15.652059122632963
80269,-36.58842090832364
80270,-0.7381188231171194
80271,33.51493339238506
80272,-32.13984663017173
80273,-15.447249297618598
80274,-22.753609415089485
80275,40.33813894391433
80276,36.84927679145342
80277,0.8466166896901228
80278,40.37981789788587
80279,-29.53017860132279
80280,-36.91021831426768
80281,7.876920893428078
80282,-44.795390344728716
80283,25.78416897313717
80284,-55.59121746879613
80285,-43.11443164006697
80286,-37.82372619268675
80287,16.011153761851418
80288,-15.849783942355586
80289,-15.840346860821214
80290,42.289872634248425
80291,21.44910808647289
80292,-7.053543299267901
80293,-14.715448692573759
80294,-4.609699841606002
80295,26.51943351498376
80296,-25.03077911376694
80297,-15.565491174360815
80298,41.45541696063698
80299,20.565797635748098
80300,-34.91481660677708
80301,-7.169310739255181
80302,33.40255270937418
80303,-42.459790388942494
80304,-5.8510503104851495
80305,10.837177553432142
80306,34.92436905166757
80307,20.482044469171584
80308,-54.12532169456672
80309,-15.855839286070974
80310,-6.0939681398412375
80311,-60.28317544172988
80312,-32.077285380970764
80313,8.149464937546568
80314,-30.133985181582133
80315,-15.447408724814963
80316,-15.028659334773991
80317,-29.732400732492366
80318,-13.037579112938332
80319,-24.508829357222126
80320,-32.585066004963224
80321,-31.768814792899818
80322,52.74312709842199
80323,-2.5388504862861083
80324,-2.759865384463083
80325,-46.95198027677226
80326,-19.009435154807406
80327,-34.72121933761248
80328,-19.141499195185574
80329,-1.8009698018887974
80330,-46.98027538952779
80331,-7.239909245483048
80332,20.265819946875425
80333,-48.36626873191234
80334,-21.038496536591154
80335,-34.23280183969824
80336,-30.57661960986063
80337,-42.22761462827056
80338,-48.44505451262948
80339,-13.064083850783348
80340,14.456438743379394
80341,-44.90846716010843
80342,-30.633025923568724
80343,-47.48856114302639
80344,-31.60071136760577
80345,-19.38154015216078
80346,-28.021722055455243
80347,-8.397333591815524
80348,-28.796598313524257
80349,6.134178341466409
80350,-19.344770440935648
80351,-46.54139759080785
80352,-41.29307469621902
80353,-19.110668154869998
80354,-1.9802153546553
80355,-13.160513438725118
80356,-41.24582080897413
80357,-24.580260588634857
80358,-43.15462911980542
80359,-31.584885957388806
80360,-2.1443841492643827
80361,-30.33586514849533
80362,-45.4825150371379
80363,-19.41945905043464
80364,-28.078972134707655
80365,-46.66264639496622
80366,-22.942322397905272
80367,-26.342579021052373
80368,-30.789004601137222
80369,-2.6500401121244437
80370,-27.319765462819348
80371,-19.394706014610037
80372,-2.4942924540340954
80373,-2.772358530638556
80374,-18.584631803809046
80375,-48.45805619901164
80376,-2.2368267508449122
80377,12.19982908503043
80378,-2.473051173557181
80379,-22.11594132879391
80380,-48.01492951956088
80381,-19.393296302293876
80382,-41.37104743258861
80383,-45.82055608767938
80384,-6.01397315000888
80385,-29.057454243558553
80386,-2.626113731997961
80387,-2.7775572703394715
80388,-41.37914852749678
80389,-48.20120885278466
80390,-2.7716421254574612
80391,-19.364110924331882
80392,-2.916950238479714
80393,-47.32632036945522
80394,-47.532484780082214
80395,-6.699513544084837
80396,7.873148805144879
80397,-39.580910840881884
80398,-30.798177670281675
80399,-29.74391119680992
80400,-14.098584756240243
80401,-2.499944418030978
80402,55.97575859078087
80403,-19.455268021387113
80404,-19.38630785794267
80405,-48.27182862067367
80406,-5.554008098069929
80407,-19.201637316226353
80408,-19.252663147661494
80409,18.442204337731326
80410,-2.1979923855476926
80411,-17.75449983691699
80412,-14.168924759557754
80413,12.916247163215886
80414,-2.7825474557134413
80415,-31.478036983549273
80416,-1.745722933668091
80417,-45.655163961133994
80418,11.932645679886363
80419,-34.263123026239
80420,-30.508657513274002
80421,17.666051948794333
80422,-19.45787631575719
80423,-18.343734068267267
80424,-15.178447993327254
80425,-2.608298532701255
80426,-42.60049837505615
80427,-2.063431782009374
80428,-45.77593808262124
80429,-43.99991642069334
80430,-41.301776377089695
80431,-36.007354629307784
80432,-2.658789948962564
80433,-31.51017898983487
80434,-19.398532984649037
80435,-29.582764750839672
80436,-19.472251519749804
80437,-6.200856679778113
80438,-11.976984472701403
80439,-28.75127638699273
80440,-44.50038558694136
80441,-42.05968142518002
80442,-47.507318084223115
80443,-36.4100289998034
80444,-2.935421708283357
80445,-28.995345935491216
80446,-34.895410132380235
80447,-17.72499838715838
80448,-2.952422250409043
80449,-19.436368823107458
80450,55.21715761006668
80451,-31.425225009840474
80452,-14.098013532367403
80453,-12.544910724873532
80454,19.236219514697794
80455,-1.5986363200780858
80456,-30.004891253364477
80457,-27.08043673012675
80458,-2.958827204380853
80459,-31.79275010714663
80460,-47.39317006455845
80461,54.450578112581454
80462,-41.99453047697706
80463,8.099802694215342
80464,-2.7394490315470676
80465,40.26810849462801
80466,-26.514572590889728
80467,-2.8924093937844617
80468,7.287842830306417
80469,-2.7232830964121177
80470,-2.2420245449833516
80471,-21.991950706421918
80472,-2.9186576652612786
80473,-43.152570398303524
80474,-25.182676949306924
80475,28.88759596671234
80476,-10.750394242394961
80477,48.34536979151464
80478,-2.631785938661764
80479,-21.887640079074984
80480,-19.315686109224558
80481,-44.60961319681907
80482,-2.940493190969491
80483,-29.118120219364314
80484,-24.660980811326866
80485,-0.784936235709452
80486,16.586261672838944
80487,21.67259862469099
80488,-43.15714672729938
80489,-9.652117387038388
80490,-12.172295091798688
80491,-27.34539541079461
80492,-10.316536622781697
80493,-10.128445964403099
80494,-25.22905556355333
80495,38.435071605061026
80496,-12.168691641618281
80497,-30.444182849506134
80498,-25.663535143288826
80499,35.162743388462914
80500,-2.686696674931497
80501,-35.9623101866314
80502,-19.464066051458005
80503,20.24046755029501
80504,-47.86448272347236
80505,-41.361671054615115
80506,-2.7103064597956887
80507,26.59181366430319
80508,-19.415456276697128
80509,-48.347180730515575
80510,-19.47321007831239
80511,17.88452068792502
80512,-2.9520999607136815
80513,-48.205589388216325
80514,-1.794896837325254
80515,-43.00809855999161
80516,8.397147664440425
80517,-48.39477138405833
80518,-28.80135691477922
80519,-2.368159838427104
80520,-2.6375944173902752
80521,-29.079608037328242
80522,-48.32899902099463
80523,-2.6152839790204467
80524,-15.470741160592084
80525,-2.7074204562137396
80526,-22.587945670969177
80527,-13.263252218493605
80528,-2.3061202633575277
80529,-34.71825427241477
80530,-2.494545626004978
80531,-16.352854271190623
80532,55.69933474474557
80533,-29.802427328881876
80534,-47.538434225036
80535,-29.12102234549117
80536,55.86156803866969
80537,40.993802098094406
80538,-19.244837284613666
80539,-22.259475501735935
80540,-31.461492815065398
80541,-7.7601507467109485
80542,-6.858933780336528
80543,-19.39708977113837
80544,-18.729662485816178
80545,-32.357757572995055
80546,-47.14541900388765
80547,-19.35190294502847
80548,-29.938549112021818
80549,-6.289975097850274
80550,-2.755302991049845
80551,-2.24824644560924
80552,-45.343881688550354
80553,25.374706391696677
80554,-2.586679056140653
80555,28.982110619962825
80556,-34.27358686409853
80557,38.853533945387554
80558,11.832457214471262
80559,-18.764229163096914
80560,8.246620246456516
80561,-23.59267866531171
80562,-2.5618068321696086
80563,-42.14990485797837
80564,-19.458121800801123
80565,24.921155646132902
80566,-19.414483776043554
80567,-19.40256782781826
80568,-6.21034071550757
80569,-24.609896956010928
80570,16.570123992057987
80571,-44.05017621307225
80572,-31.43472431289389
80573,-19.714252623542976
80574,-21.938304263737606
80575,-47.54327492927111
80576,-20.24812603441164
80577,-2.33050858872663
80578,-26.30930911344585
80579,41.905255589212956
80580,-19.46939924662921
80581,19.922833449798063
80582,-42.20294199601558
80583,-19.288598838227287
80584,-24.938453171426957
80585,-29.88588170345669
80586,26.77564113271309
80587,-1.7516801619567417
80588,-13.286439305562922
80589,-28.092132918173903
80590,-6.2798616113148995
80591,-2.9446284567928984
80592,-30.36130067662738
80593,-19.444590612455343
80594,-34.31666083938542
80595,-33.066898464473226
80596,37.89843249939479
80597,-19.32654062726725
80598,-3.5998005181316017
80599,0.9477056924743721
80600,-43.394781905122116
80601,-21.184299120654785
80602,-41.19604625787484
80603,-1.0189975431954537
80604,-2.9475692658364068
80605,-2.8753562286310483
80606,-2.5642953229523613
80607,-33.29090734378754
80608,39.75696410467644
80609,-30.64769784753436
80610,-19.001946888934143
80611,-19.180122292833417
80612,-15.904290801330362
80613,-37.28233322948127
80614,-2.633762891205791
80615,-12.16870765904143
80616,-44.6335033413563
80617,-30.66068524001291
80618,-30.94486929863085
80619,-1.7836330241721186
80620,-47.43069673104411
80621,-20.277573762286394
80622,-27.32152701511741
80623,-43.069300327837894
80624,-44.783808792277384
80625,-2.544349541988268
80626,3.4360228502021215
80627,-46.05066659753386
80628,49.466119441819146
80629,-8.8660262761842
80630,-21.913183653931625
80631,-22.66089616347405
80632,0.35256206066095785
80633,-13.179675471056484
80634,22.036124678584557
80635,-30.841150576607234
80636,-2.676786365199419
80637,-26.066807314260572
80638,4.3014353403462025
80639,-38.760170861797164
80640,-48.31453682463781
80641,-14.167339268419923
80642,-17.6248439617914
80643,-19.440963107781855
80644,-19.468221870877457
80645,33.866958637163165
80646,-19.3292289915765
80647,-19.24441610342508
80648,-42.26081184683993
80649,-46.007135376945044
80650,-44.849582520729214
80651,-19.348591193075876
80652,-48.44413489410364
80653,-45.83923806414852
80654,-19.182709610891763
80655,-48.421757786975164
80656,-20.334020878665555
80657,-27.35132316603095
80658,-28.706867621543537
80659,167.45798379617707
80660,234.03616620483126
80661,191.99894447376124
80662,173.9546380231032
80663,196.32280908266904
80664,246.85750951200168
80665,198.2101123773877
80666,215.66631389396616
80667,241.315240501662
80668,225.1222415571561
80669,220.1847924814648
80670,232.2199528696646
80671,305.7815983098413
80672,232.1226655805338
80673,246.1037988426895
80674,302.23645429535503
80675,286.8019965279927
80676,288.68053767363836
80677,287.3101446745927
80678,272.7737718732605
80679,283.9748234222171
80680,283.0769589075501
80681,294.01053960731554
80682,301.76476150146453
80683,271.9085444962685
80684,306.96117077170254
80685,280.3757318656983
80686,290.1201964942788
80687,289.0604784119562
80688,260.14170711057744
80689,265.783675622323
80690,305.76804168713403
80691,279.7781032041429
80692,290.2694017916998
80693,264.57585995399165
80694,282.74683235921566
80695,269.262703407442
80696,320.23448834573185
80697,283.35069026404983
80698,279.18994558107687
80699,252.61215819177534
80700,284.34937417344327
80701,254.9725538530904
80702,309.04761907366697
80703,279.44647142871446
80704,200.32105259075416
80705,151.61747190720672
80706,165.28990831277804
80707,178.40254769242011
80708,179.95571481694782
80709,188.89551466746474
80710,156.46542965353086
80711,194.17347058393614
80712,166.91541451870762
80713,181.7345498410691
80714,219.85290452287774
80715,185.44873604790342
80716,195.94260169427167
80717,175.01981607236831
80718,197.0154209018359
80719,195.84351603855276
80720,216.98798488878538
80721,174.0487778796214
80722,152.84882376596954
80723,199.45424721589745
80724,47.845954219157235
80725,47.52752660452521
80726,54.15858899374036
80727,111.66093118019931
80728,129.4380437042414
80729,54.07819822043176
80730,53.037909382899244
80731,53.189950730321
80732,52.94936605632142
80733,53.05209317432903
80734,52.976900313513056
80735,39.69835406885646
80736,54.19107053763068
80737,53.48777545355749
80738,52.92878675182121
80739,53.120132913659674
80740,52.92034911419756
80741,53.852387672315174
80742,52.730752604733865
80743,31.0330000592877
80744,52.961705283653075
80745,53.537395185425765
80746,53.3190734125895
80747,53.21969706805815
80748,59.79988328947924
80749,53.46342031030733
80750,53.81507813050841
80751,53.81174120844267
80752,53.78990149148176
80753,-8.357485566104785
80754,-7.080139672548583
80755,16.811609819421108
80756,6.263944427692721
80757,-10.389435834137515
80758,-14.117512117101953
80759,-18.491286870866944
80760,9.66815047481829
80761,9.844620533793801
80762,120.06328259244573
80763,133.00149061127087
80764,120.9963090205991
80765,74.53123837584312
80766,114.77673165836718
80767,74.25565830730844
80768,99.93414133310729
80769,111.47111720169535
80770,92.48432851595693
80771,64.15951049081623
80772,150.5225231319002
80773,127.41805643728047
80774,149.8647425740225
80775,88.36060438995368
80776,98.76497223561246
80777,92.43818276530361
80778,73.22418494811025
80779,86.41860326405971
80780,88.97959661552225
80781,-17.809874968723577
80782,-21.854981441394827
80783,51.91844644780481
80784,29.44049142599617
80785,-23.92405867351748
80786,-10.801369969637662
80787,-33.63611119538068
80788,-7.367677436794466
80789,51.40621187314839
80790,11.064538358851948
80791,-33.452770595949616
80792,-4.448706099592172
80793,5.863252767849005
80794,-4.643837094961711
80795,-4.291587039536225
80796,-21.417379482256806
80797,-14.461634972139635
80798,-21.275617516001134
80799,-16.765803572870524
80800,-50.4815032364579
80801,-50.48368188789753
80802,-50.410113356782446
80803,-20.279726863177686
80804,-20.786302038900985
80805,-9.179861968820987
80806,-7.294103848045879
80807,39.25593743790695
80808,-1.3979552242263225
80809,-42.54656658990935
80810,-33.80064553663048
80811,-20.405679103994302
80812,-38.16760696049498
80813,-29.39143252555546
80814,-23.9766709174949
80815,83.99345704844421
80816,89.29508190927672
80817,83.00573837591523
80818,119.4032526661812
80819,83.67646801264195
80820,60.62926816666424
80821,69.48832647510079
80822,68.9845220942959
80823,58.92971134126528
80824,60.2122618661251
80825,125.12081422866491
80826,156.0589274874947
80827,118.62230056667197
80828,146.0894833342723
80829,196.2934639949425
80830,170.9903516696616
80831,197.04487962853966
80832,151.3316593908467
80833,159.18163238643086
80834,132.43149701411062
80835,175.14461874054382
80836,178.4808474488426
80837,162.4867940046673
80838,197.32194170093743
80839,119.11415490884117
80840,151.93008268401735
80841,185.20397480341046
80842,200.36705946225516
80843,58.09256936373232
80844,59.56081575603555
80845,60.840011379953594
80846,42.229721058801104
80847,109.82075836394527
80848,103.54990240430202
80849,74.80015247234873
80850,74.58420225262763
80851,89.89326821973681
80852,53.26443883338136
80853,45.07288500713402
80854,61.367873042713384
80855,93.34540757470778
80856,66.44877229231885
80857,79.38273477590666
80858,40.30359533085159
80859,55.22824629821038
80860,55.90927370492399
80861,46.844452079618364
80862,72.24048735619307
80863,-5.959174056814973
80864,-6.750314555901625
80865,15.421121896628335
80866,18.6582524754797
80867,-5.92786371130812
80868,115.73426044566541
80869,88.94290405089619
80870,115.80818188238548
80871,56.352398085972894
80872,71.56327404210286
80873,106.08092356275897
80874,71.31569957135979
80875,86.0506186632255
80876,48.82416923588106
80877,71.32543222291476
80878,44.02279211112979
80879,104.63348918268831
80880,65.24094722078748
80881,60.22980633291401
80882,54.59483672463939
80883,65.99542524112879
80884,77.20623265903278
80885,103.4619568669343
80886,-19.6284727694226
80887,14.568502383327385
80888,-47.210208332805834
80889,-20.367058525864124
80890,-9.699674697361942
80891,-8.495276228451743
80892,-20.368564535560537
80893,-22.618931256768846
80894,-20.493365011522812
80895,-21.048828493812707
80896,29.38652588600867
80897,-37.36953164441353
80898,14.556605304234225
80899,-20.452276618379344
80900,-44.76130027904678
80901,-8.854628414457736
80902,25.333167138758725
80903,-19.90417889020027
80904,15.671931563011142
80905,-6.618903072718794
80906,-20.31213519018108
80907,32.262398103261106
80908,-3.9318369134131643
80909,96.01384034762116
80910,172.2115987559638
80911,172.63333177143974
80912,-17.588136441995744
80913,-17.21319841154964
80914,-12.306880927558836
80915,-16.791893649346605
80916,46.38120472099628
80917,46.36464661393951
80918,46.30315443045812
80919,58.46624299469566
80920,58.20536482065731
80921,58.21401556296415
80922,58.657907381616326
80923,58.98207539445096
80924,58.55861742330636
80925,58.64097816019979
80926,58.228596220230656
80927,64.53664345155286
80928,58.197975812931105
80929,59.68238305593634
80930,58.591335514854975
80931,58.58762349589263
80932,71.87663953702027
80933,-49.281936470937396
80934,-32.71844305164238
80935,-48.31102193763893
80936,-33.07981317093372
80937,-24.87663645928778
80938,-33.060733761871134
80939,-32.65588655131204
80940,-49.32324387399525
80941,-32.69448881355335
80942,-49.605028629369016
80943,-33.0600556067552
80944,-32.968430260363405
80945,-32.66137552645945
80946,-67.8758633972861
80947,-45.69079609327552
80948,-45.81920920370261
80949,-32.69268807395939
80950,-49.568288331329725
80951,54.96204073052324
80952,55.83448765123909
80953,54.63643566015077
80954,55.04056635686878
80955,55.5186521950539
80956,55.05397794890723
80957,54.63658869127791
80958,55.01313103874844
80959,56.158891117427004
80960,55.95116989944502
80961,55.63487728700454
80962,54.979103126162215
80963,54.94777981034632
80964,55.33036021823479
80965,55.483895104684095
80966,55.8263763167982
80967,54.96509939959016
80968,56.069892644175155
80969,56.515643661263525
80970,54.965385598219925
80971,118.82555369007245
80972,119.72492310357613
80973,142.08647774003293
80974,136.8268385467171
80975,137.44789076606526
80976,137.98401444688392
80977,137.25919049996998
80978,138.66980016667094
80979,138.4528087140223
80980,142.1588649774024
80981,138.79929606264386
80982,137.1945147527474
80983,133.13366428086462
80984,132.13377565526477
80985,132.03838367633927
80986,132.4939000812792
80987,132.05311317464304
80988,134.20870435378566
80989,132.30734709701903
80990,131.81465347390227
80991,131.89684438045077
80992,132.00798029968377
80993,131.83981721527073
80994,134.19362995782524
80995,132.07159498117267
80996,132.059404369596
80997,131.86386431487543
80998,132.4339658643897
80999,132.34711277021063
81000,23.98761321728061
81001,23.902880989641673
81002,40.250398131963735
81003,27.71322508948755
81004,40.63582374594252
81005,40.42335699737281
81006,24.059512275314134
81007,40.39929778048422
81008,40.70514488884568
81009,40.76789526948572
81010,40.618416540737755
81011,23.88184934417025
81012,41.04899731008011
81013,40.211200351706296
81014,23.929546839146994
81015,40.851379275511206
81016,23.978293639428713
81017,40.40722546883963
81018,23.898334771849548
81019,40.888252263679206
81020,24.02323558138086
81021,23.892335026483423
81022,40.78117227681342
81023,40.70140042955593
81024,23.89361334484603
81025,41.11596009725308
81026,40.54487869911141
81027,44.73853708440076
81028,40.84562788976062
81029,41.1714581236924
81030,40.21201847855504
81031,40.557322234845984
81032,23.852633595795155
81033,40.71076452188335
81034,40.337444663205915
81035,40.833797646559944
81036,40.67482810056278
81037,40.396476530482815
81038,23.9053489041179
81039,40.86574795997409
81040,40.54766369443142
81041,40.995814891336536
81042,40.63232414810004
81043,40.55851473701638
81044,41.44060103432652
81045,23.824033778126974
81046,40.38500922067054
81047,40.27212042016875
81048,24.085686412940063
81049,24.111393117551373
81050,40.67061212664866
81051,40.40778808654737
81052,40.43208178444529
81053,38.32943246235466
81054,40.69525792986066
81055,40.20548227153502
81056,40.45813609577341
81057,24.37380457830578
81058,40.71652023316078
81059,44.942752092493166
81060,23.931592285818837
81061,25.40779466543806
81062,23.871594952109106
81063,40.190132793339686
81064,40.718652016600615
81065,23.90769021077655
81066,40.525547178945075
81067,55.50860607541553
81068,23.90078727520661
81069,23.901247903991006
81070,23.91397351308136
81071,42.48685533726284
81072,41.04841424484387
81073,40.50761060979191
81074,23.894879983757264
81075,40.494823875995124
81076,38.36112326306666
81077,23.90702915124372
81078,40.58710984596915
81079,40.614845272565006
81080,40.480321996239994
81081,40.731306970815936
81082,40.728235509610485
81083,40.76798869518446
81084,40.38450698744789
81085,40.64914188825186
81086,40.4481840406978
81087,23.912072534312088
81088,40.77138853122561
81089,40.71189840145293
81090,24.128932659382016
81091,23.855533015836116
81092,55.20968699254509
81093,23.832352643911847
81094,23.891473403452537
81095,40.579416920433445
81096,40.748088465762024
81097,40.67338610337926
81098,40.64855480842978
81099,40.710879768234705
81100,40.621872375142445
81101,23.881037101589826
81102,23.867958446940506
81103,40.8581468129385
81104,40.41115836035077
81105,55.429115212627735
81106,41.45456845087914
81107,40.52952849367939
81108,40.59242221739858
81109,35.48074684606054
81110,41.32615666857491
81111,40.257525516290244
81112,40.84926375677772
81113,68.74663478274232
81114,69.01145189629872
81115,69.60241473687304
81116,67.80142907430115
81117,67.94614504989983
81118,133.25103585577563
81119,150.82501404139367
81120,151.221515632259
81121,151.31927194362976
81122,150.16011673949674
81123,150.44388146000125
81124,149.71824841212714
81125,150.70781161570977
81126,144.6284184268415
81127,157.17920174914235
81128,144.91807079060658
81129,73.64625072592972
81130,72.89777774274208
81131,73.5771457009765
81132,72.37009901160272
81133,160.37751974474696
81134,76.14960480357462
81135,75.47916618501034
81136,76.22785050574018
81137,139.33118638064133
81138,140.8314497087522
81139,159.21529282810195
81140,162.2319783597659
81141,157.88354270294332
81142,158.87644185376553
81143,159.28201204987596
81144,157.14427439333093
81145,161.70206852690433
81146,162.88951517532843
81147,157.34228037887465
81148,158.9118298297716
81149,151.97985246054628
81150,154.6248923302315
81151,32.15463719006184
81152,25.085457265771268
81153,43.53479678227787
81154,13.826842163307518
81155,42.76498533501826
81156,78.828806146618
81157,76.14999039379299
81158,64.53975896471971
81159,42.76227152733711
81160,18.08366228339905
81161,32.96907003157606
81162,13.58093935205072
81163,21.19392348266588
81164,42.614299110610595
81165,42.261145089124035
81166,39.379135342918325
81167,94.43684685321887
81168,98.09863850141495
81169,34.69153553951754
81170,59.380863659741074
81171,34.736522202134644
81172,59.94323058299374
81173,30.330098251063355
81174,42.91424719859932
81175,36.16169826184272
81176,42.84403630078821
81177,76.8719775861137
81178,61.897149046105575
81179,22.521389908605713
81180,85.38809349449845
81181,147.1476178276427
81182,126.63706761008184
81183,148.90398200906043
81184,119.20172515392404
81185,116.24032353580024
81186,143.80016077780255
81187,159.87873620318578
81188,125.43266275454376
81189,153.61379598783486
81190,111.80550177903685
81191,117.71630319684228
81192,103.11856207182912
81193,119.98860668523322
81194,130.51922496179833
81195,152.39778668223477
81196,125.03536763605369
81197,161.86333443940038
81198,134.27462892821904
81199,125.63514085683606
81200,116.64829082566469
81201,157.6357198375386
81202,128.80225347717794
81203,118.2496543634502
81204,124.90472813923516
81205,114.22868663297483
81206,153.48516637607094
81207,124.50215807275508
81208,160.6160419751023
81209,107.3214438487487
81210,154.43368961002435
81211,110.76189180364908
81212,110.56752041327753
81213,126.20886273586552
81214,119.79037446606017
81215,99.95647799318643
81216,114.27170732686442
81217,113.97930135496675
81218,132.1502618856402
81219,110.53262981850723
81220,105.65770126637015
81221,114.66099677775294
81222,127.01172029544983
81223,21.671785659956313
81224,13.864313157435404
81225,51.911588962558895
81226,-13.937912468786905
81227,48.02561185212706
81228,15.987433653900794
81229,22.153003766432036
81230,18.376584641390608
81231,11.619953577371078
81232,18.507619756827538
81233,61.77628170671731
81234,-10.350589126876045
81235,2.1006258014312067
81236,26.628357506730126
81237,29.30062583877877
81238,28.410476906904975
81239,28.19460018288332
81240,10.636555981969892
81241,53.49728913206259
81242,27.96902058191263
81243,9.075294728937578
81244,28.02734247577284
81245,11.500589450010452
81246,22.040814190862406
81247,12.91997319205636
81248,11.54593362524669
81249,-1.4133184310739608
81250,68.48940672397033
81251,32.68407293021879
81252,30.102910293790657
81253,7.014903076617927
81254,25.33302374950047
81255,-4.291932341759676
81256,25.875687346483048
81257,74.02438051339324
81258,11.511976608954043
81259,37.10079201543205
81260,2.1902428542837953
81261,28.03580721211368
81262,-0.8000968792659222
81263,4.552873908546246
81264,2.7806955881394373
81265,28.78332769033075
81266,25.52328265127214
81267,25.51985170615322
81268,35.336431366484874
81269,144.0133075850615
81270,120.16712340358477
81271,86.49087178404109
81272,114.94550017694415
81273,90.54793687952981
81274,143.94516847196735
81275,147.37025615416815
81276,123.65936490383721
81277,111.78302531668503
81278,79.3009154363903
81279,143.16077226995463
81280,129.96540173229408
81281,72.40954867103223
81282,110.5227419912243
81283,91.3722111660416
81284,96.54341492662492
81285,115.04918042802792
81286,134.3987142000317
81287,122.94775097007
81288,90.6547835672955
81289,90.19540941417254
81290,144.87801920821795
81291,95.08754014519762
81292,90.54038083678226
81293,87.73722970810856
81294,116.75158851259165
81295,99.67471064486291
81296,99.84151215617213
81297,90.58419944972682
81298,122.03582188436481
81299,120.13584313852475
81300,119.54222908225854
81301,111.81918113474482
81302,137.73738009380224
81303,120.73729620674844
81304,114.31785850947692
81305,84.78121219345512
81306,91.05450918954973
81307,90.62778803753308
81308,139.55319610031614
81309,116.7337546547629
81310,141.5042769615623
81311,104.39986834487753
81312,108.74229580848284
81313,114.9594457152959
81314,128.98961145000737
81315,116.88647519564141
81316,109.44326590947342
81317,124.6437203532747
81318,140.20425403019937
81319,147.9147276683584
81320,121.12363445510239
81321,111.52390046903226
81322,77.7578700852893
81323,109.68524145777813
81324,69.50249293614364
81325,110.2512121481892
81326,135.2178029507068
81327,120.4628940952167
81328,90.57196540157416
81329,118.6756611962385
81330,160.32627850180785
81331,124.51960993342199
81332,109.08013111042878
81333,110.6506010577199
81334,97.7374549530228
81335,118.53159380710984
81336,158.63786258555928
81337,140.6979028323252
81338,127.68389845542394
81339,125.91148882953478
81340,109.88066137719828
81341,106.52008802013346
81342,126.39103625118152
81343,144.1992156977944
81344,132.90640603287846
81345,133.90380804482317
81346,124.58449743046349
81347,100.25895327363001
81348,143.3055071111574
81349,128.43147614456956
81350,97.74172558368109
81351,140.0116782592546
81352,116.25844286284753
81353,139.2775063280576
81354,115.7758999879304
81355,96.85006094638324
81356,99.48841243543798
81357,140.6734456337769
81358,124.37586108675136
81359,90.94082731041401
81360,127.2424821330993
81361,98.53623097402529
81362,113.64419968795484
81363,87.47642225843215
81364,134.19072887212639
81365,103.19222687618115
81366,114.17085700939016
81367,115.7663170879948
81368,164.7472025064004
81369,111.98680228660363
81370,136.86875859191895
81371,94.42588033987197
81372,150.12839245163894
81373,125.24336615772405
81374,161.507303621144
81375,127.60714232013648
81376,109.0250676373809
81377,150.30497363498841
81378,130.00239262313443
81379,105.90452950545243
81380,130.23594962136877
81381,94.98603324602529
81382,154.9573276431613
81383,157.1397582662375
81384,101.65790323850017
81385,135.88130911642304
81386,110.12582193939171
81387,87.13337145793095
81388,98.27053125095439
81389,157.99238345103817
81390,127.56215573073165
81391,90.81690686476797
81392,148.24095220222972
81393,151.7045931761719
81394,151.1721781096772
81395,94.59773287783308
81396,91.47755673677013
81397,142.94887394014603
81398,100.54803416833632
81399,106.22708859916982
81400,103.94231487131701
81401,97.14403728129484
81402,97.22694817851188
81403,121.22354186493892
81404,99.15465732395545
81405,143.15366730271336
81406,134.26426286320998
81407,146.11356740459593
81408,113.25213250612508
81409,119.9955531929164
81410,93.64465413180257
81411,161.99929555843954
81412,107.26868873823925
81413,129.3517496522503
81414,160.87709794807716
81415,93.07882042039303
81416,131.66157863651677
81417,128.6484965277126
81418,128.73332175601104
81419,126.23344768025667
81420,88.30743864848161
81421,127.09896192317082
81422,98.74788963734026
81423,158.21786092963953
81424,97.43365116981688
81425,89.84673057106785
81426,98.5734300798717
81427,141.22455062699282
81428,146.00482446832285
81429,91.50045890255781
81430,114.3020824864952
81431,124.50688024379836
81432,98.51257706516576
81433,92.43188502717415
81434,97.65944199461806
81435,99.40092755695831
81436,113.536773744336
81437,136.09767155158454
81438,95.38760507933866
81439,103.76986244522548
81440,162.0894543551284
81441,136.44815846298644
81442,91.32650164287305
81443,102.11570358129309
81444,157.31239521441694
81445,92.51012966250381
81446,121.96806948546323
81447,119.30780910601472
81448,117.79446701272438
81449,82.52170545672642
81450,164.62523337042444
81451,88.08107701623284
81452,131.06431650424116
81453,87.0720842009376
81454,118.98910003074992
81455,110.33705434999133
81456,94.60715900026615
81457,150.50169097190025
81458,158.23103754481525
81459,107.19223422314879
81460,115.23337586632458
81461,94.4357295707385
81462,128.20646184664588
81463,112.71296295024369
81464,165.2269391423069
81465,142.86282465252856
81466,83.2613354912696
81467,121.93414237144695
81468,118.73022437701526
81469,100.12060148520455
81470,88.15842967888172
81471,126.63920737943512
81472,108.7827978716676
81473,131.2046506763441
81474,120.71126893928555
81475,157.16148438335108
81476,133.40540953998078
81477,103.72083642187717
81478,140.94904348554257
81479,96.33277920557198
81480,105.31343476688518
81481,93.37967797744018
81482,100.40572703375362
81483,82.78676551289287
81484,82.9695368196388
81485,132.10854870228417
81486,83.09390885874292
81487,125.7064449578687
81488,122.90920238139744
81489,151.84692150364754
81490,113.41198742696783
81491,145.11118362352113
81492,108.91212787471487
81493,113.43993755477253
81494,94.78209812537291
81495,93.91405063071521
81496,105.9167648930498
81497,165.55496887611946
81498,158.30332163750603
81499,154.0217418970431
81500,139.94892384316137
81501,162.1126890076127
81502,91.93019487731122
81503,82.61917151325575
81504,89.99177509957242
81505,139.83876188556366
81506,116.94143540607446
81507,105.6596166001183
81508,89.72294966215362
81509,89.371847013401
81510,139.61836901184228
81511,104.65697013025907
81512,110.69437711793672
81513,142.97293637957193
81514,105.49389801770094
81515,111.08276719838649
81516,145.74986667951407
81517,131.55304114901048
81518,125.1563464749053
81519,91.4551455640029
81520,104.89629470389376
81521,122.49094358277584
81522,97.47817896419477
81523,154.33325058715656
81524,80.4978366276652
81525,75.84322221438346
81526,135.7725937359786
81527,113.67377078523255
81528,114.73719448780169
81529,85.98562356115777
81530,73.93393522933034
81531,155.2669626118609
81532,116.64084524982066
81533,114.86983970222012
81534,145.27300158508524
81535,146.26462226157707
81536,132.5329184876793
81537,132.16639517013186
81538,139.42630226170928
81539,152.4817484330734
81540,142.7875271205899
81541,84.25200591045534
81542,125.60329805569953
81543,149.7811559419847
81544,106.6824362613107
81545,78.43407386261906
81546,94.38534426742
81547,122.38880291089451
81548,75.16241629091913
81549,99.3902507742602
81550,82.50239130504632
81551,103.40437161059619
81552,117.19028782693267
81553,110.64488278726536
81554,75.46818506679533
81555,93.33611464977501
81556,134.64858801922423
81557,152.5903610452021
81558,74.8710636816132
81559,100.6117399538013
81560,103.20968468888577
81561,101.8822147990482
81562,130.474370885192
81563,149.38556391009098
81564,83.47989666127093
81565,147.84807274458387
81566,120.19807889488779
81567,109.70118106913694
81568,82.89499976258112
81569,133.95816600548812
81570,96.73558677377993
81571,132.5626356449086
81572,124.10870410140309
81573,129.6395784506122
81574,86.8256278214859
81575,98.78916985108658
81576,98.54401906906857
81577,104.08155846259034
81578,147.44999404635143
81579,104.81092662722506
81580,158.48927019837163
81581,139.2140942996836
81582,82.92972234666486
81583,88.40409165603641
81584,113.83664405779125
81585,92.21964294525402
81586,120.86618463947389
81587,105.77441033580168
81588,113.72140587668322
81589,97.33703386038503
81590,134.22518972763788
81591,125.89740895764504
81592,75.73505243586997
81593,98.28157268186497
81594,136.00166675767855
81595,99.98179619558938
81596,107.62078858943485
81597,160.42446552872718
81598,106.14133065023087
81599,107.49896376921446
81600,88.9729607561468
81601,98.20893987841278
81602,103.15774973188225
81603,83.40112852663886
81604,75.70106979793509
81605,131.1008304837599
81606,86.14167441394856
81607,114.73888455802063
81608,163.7154590851794
81609,138.5180513374309
81610,118.39781034106993
81611,95.13801976924562
81612,76.70078017218337
81613,140.25493958739312
81614,104.37770400922362
81615,95.73879784213518
81616,120.15166474895481
81617,125.51025239018448
81618,93.70555077747973
81619,149.24689059008207
81620,107.72072574655995
81621,139.33942259219907
81622,137.20663752137347
81623,73.2766093737586
81624,92.99507602605921
81625,127.71726036689704
81626,109.67651095222259
81627,128.59396829002839
81628,141.76797382488667
81629,122.14946484660639
81630,133.12079455804417
81631,148.5631036241384
81632,115.63476320873373
81633,98.93100267135058
81634,89.24236428443056
81635,91.68659295384147
81636,116.63762215386525
81637,94.91923391872574
81638,110.94478488330616
81639,-12.021229785690068
81640,-14.227706256844513
81641,-23.954095025261623
81642,1.711445693834932
81643,11.289937884109023
81644,0.539932200706474
81645,9.44501232898456
81646,-9.14991912510503
81647,-10.484389949246108
81648,-23.80336796663171
81649,-16.326772634514597
81650,-16.000607165477973
81651,-12.791275211908427
81652,-28.26379561225896
81653,-8.054853761861565
81654,48.91529278565157
81655,-11.352405092603775
81656,-4.452469126942432
81657,-14.409753428144583
81658,-11.197661585069042
81659,15.681541353655987
81660,-19.522230223540205
81661,23.646443806897153
81662,-16.351860344012195
81663,-32.74096738546372
81664,26.200307605423447
81665,-8.959574309723408
81666,-0.9620297089617367
81667,-12.333391888384014
81668,-9.155495608017915
81669,-13.69378801422043
81670,-12.806489251805814
81671,-5.654407841648393
81672,4.901597810599398
81673,-31.79051061679432
81674,-27.24732751790164
81675,15.58288841775338
81676,-33.62170850456572
81677,-27.46108001616996
81678,9.202053607872088
81679,-7.320430006196759
81680,-14.045483658821794
81681,-28.98264115280601
81682,65.58491164605714
81683,-17.69487761131903
81684,-5.345367944798696
81685,4.857556951671526
81686,-1.273202757529404
81687,35.70174482625616
81688,8.642479514357163
81689,-32.126411006752036
81690,18.38736806763133
81691,2.313713602226656
81692,35.691022162147945
81693,-14.094049216572031
81694,52.42310910443199
81695,21.82591319459233
81696,-24.61492735976894
81697,42.5768257692839
81698,14.716945163173719
81699,-10.788110285604674
81700,14.693569005135558
81701,-6.250897055393253
81702,20.447770338558215
81703,-9.094230049024858
81704,-14.806000693195514
81705,-33.270058340184065
81706,-5.116249336642895
81707,25.2683771791702
81708,35.871691282227964
81709,75.8893001075582
81710,44.23099915221301
81711,24.623177909015666
81712,24.46388651268488
81713,57.759464228269486
81714,18.21279669280797
81715,34.54612608269972
81716,69.7185694791718
81717,46.59228757982411
81718,89.07778025906954
81719,15.54616952116801
81720,15.534214960317186
81721,21.38894001198888
81722,27.84921470012494
81723,18.075433484918264
81724,19.88583545879341
81725,20.107740845658995
81726,40.337056420270024
81727,100.38514064668091
81728,28.57155058845418
81729,16.6978277551474
81730,39.11597265666233
81731,16.445548579826223
81732,16.522107729370347
81733,49.459990957506925
81734,21.943937400804018
81735,19.11860835637556
81736,46.83597311405101
81737,99.02098402366904
81738,23.548960698911614
81739,38.05682213534326
81740,16.955069534509008
81741,17.896805113424577
81742,18.50355751805948
81743,24.03630735154043
81744,23.390452735935767
81745,54.18460749102979
81746,50.927597422096746
81747,66.5513687582889
81748,23.269374591460902
81749,43.84181403764699
81750,20.417172668338097
81751,35.644585543709475
81752,22.777614276339577
81753,30.523618692723765
81754,43.63698140812773
81755,35.752290362301956
81756,43.937137230919696
81757,21.13727142555284
81758,24.87533835154734
81759,14.705477436387568
81760,31.948476426103632
81761,43.76299288738684
81762,29.37002248048025
81763,22.92597208919402
81764,18.39060771606144
81765,57.03009386449158
81766,34.71446551799783
81767,32.990452716933824
81768,18.46054703136234
81769,49.27781739428229
81770,96.17542050383116
81771,17.460158389938428
81772,21.901675415505807
81773,47.802395202537376
81774,31.54008537558692
81775,16.468090659769032
81776,24.430801631120218
81777,64.44935971153504
81778,17.53866377525536
81779,19.650576174001273
81780,15.628961065499041
81781,34.519843343105286
81782,47.16693122859379
81783,30.619835118478015
81784,37.034760838856776
81785,44.54474929361067
81786,22.792992861561473
81787,54.54908161479998
81788,43.62740849782495
81789,43.78411992483138
81790,24.822674069335548
81791,19.218438500110736
81792,60.341918887250806
81793,43.68253247655647
81794,24.867194131414365
81795,24.052960013185285
81796,44.21419139110342
81797,61.77813851932218
81798,24.644354539210596
81799,43.63745070377673
81800,20.45767894617505
81801,20.324567437239338
81802,66.48610418742115
81803,27.496638551966633
81804,44.226023455106194
81805,36.44068497954358
81806,81.39022662610165
81807,31.80577828167737
81808,19.70772478168861
81809,43.788832069529256
81810,15.58322158948674
81811,14.349365069868313
81812,35.846077416694975
81813,17.50118836650951
81814,20.98818618581295
81815,40.73410029737506
81816,44.26866500486643
81817,22.704708288240013
81818,43.71028264701045
81819,26.64461400595426
81820,20.502119375632915
81821,20.201301046046197
81822,43.37256626874636
81823,17.123863618768283
81824,22.604384325445878
81825,37.78943403241568
81826,16.48246781234552
81827,33.494998314525496
81828,21.745010149023514
81829,16.834525209646515
81830,21.913287837584093
81831,43.42518538332882
81832,18.3911974881362
81833,15.680232337769823
81834,19.627958011623733
81835,21.846591980347384
81836,32.86442054317346
81837,51.238481180147595
81838,88.66747804207077
81839,19.838045273401107
81840,90.39827277716572
81841,43.33617644910547
81842,74.1210873685551
81843,39.10762734490513
81844,20.09060329907551
81845,23.132037965478546
81846,34.588190508969625
81847,50.73307974798832
81848,43.7503839365475
81849,25.047708721664762
81850,44.17927929528562
81851,73.81645645255514
81852,18.982635191479446
81853,34.830083932405635
81854,69.12549445165848
81855,25.5337851621966
81856,21.732420616382527
81857,39.37111555136773
81858,22.934698184755106
81859,15.50640566861459
81860,44.1235545638879
81861,34.38719446310217
81862,22.91190319507716
81863,75.09000772737602
81864,96.95303491639754
81865,43.46494028254687
81866,19.443126550096437
81867,29.07799084020214
81868,24.42017494685463
81869,75.37231972007584
81870,24.35709499895303
81871,19.349488760981174
81872,29.31421460828978
81873,17.021201065475495
81874,38.16858256306248
81875,25.41933101419192
81876,37.496925954513465
81877,57.01633605139326
81878,15.258895054300766
81879,19.074632525165512
81880,25.61195126616409
81881,24.94968735388541
81882,26.118589684027405
81883,23.110802387581387
81884,19.10892634502123
81885,20.241740953333235
81886,23.984433736249215
81887,43.64241190972633
81888,102.47086459926298
81889,43.44957952659143
81890,39.357721003153834
81891,75.2731814953155
81892,24.996006341206325
81893,29.261523096140316
81894,43.867525580214156
81895,44.59532060164073
81896,19.038539017336674
81897,80.18465499283397
81898,62.17753953535303
81899,32.03044623011291
81900,21.462773740822897
81901,19.86050960299356
81902,29.39831277141149
81903,19.087256427143032
81904,83.12968807442273
81905,33.14703725876543
81906,26.186340123561557
81907,24.211447006296154
81908,14.769272903747137
81909,14.845174515062538
81910,23.80483464712431
81911,49.8897681801814
81912,17.836089652866164
81913,68.89239485855049
81914,43.722579354961915
81915,24.928878855128588
81916,22.134704995128217
81917,14.858220870289713
81918,54.96004855662459
81919,43.76996777509758
81920,48.98423614614688
81921,24.20766741015329
81922,16.10243029682745
81923,30.258696281353572
81924,28.726431244563322
81925,79.41462082305739
81926,16.436833500910822
81927,19.139851946722175
81928,20.478560877588436
81929,16.505317954946477
81930,43.90544146018723
81931,14.676235930584838
81932,17.185422442328885
81933,25.36493490967716
81934,43.60537470852362
81935,14.385447855472947
81936,29.315448139542035
81937,20.54669346826283
81938,20.67681222381445
81939,31.64006462993857
81940,21.81199047711972
81941,24.810271033459983
81942,43.66986340848772
81943,15.5561236316032
81944,15.763293816024273
81945,27.79946097290385
81946,22.22154422818666
81947,14.712825290121785
81948,45.9878210669795
81949,21.33922185288894
81950,32.5401572390497
81951,49.47669586316665
81952,26.089783392855942
81953,42.84257720439603
81954,16.027530296327953
81955,45.53087521889611
81956,22.252520894512926
81957,25.12312165177393
81958,23.45837658196551
81959,89.97974994121383
81960,112.19748865715631
81961,122.66353553182792
81962,102.34022696216876
81963,108.18222054313067
81964,94.51373903996192
81965,110.69693019496871
81966,143.6613784703428
81967,98.63921767580469
81968,89.95822716836703
81969,94.34115288139454
81970,86.01778077484211
81971,141.81669286312575
81972,166.8667434378802
81973,104.15755736658723
81974,98.73243244804938
81975,107.16746570311086
81976,126.90099144162382
81977,84.6988705785377
81978,90.78156642083097
81979,79.52771699355436
81980,92.14978243114545
81981,89.37344900861392
81982,109.62049484734858
81983,85.9728448904364
81984,88.76926821364934
81985,102.9556153841326
81986,108.76843886847921
81987,87.46741166192648
81988,100.71557041259685
81989,124.11608591006932
81990,108.51152509803877
81991,103.09659146436543
81992,87.99511296068049
81993,87.36266387290958
81994,87.04322806728042
81995,85.69793730818493
81996,102.20630925714146
81997,92.7395460530024
81998,96.26104358599169
81999,84.20779918767481
82000,108.05267558904639
82001,93.55450132875815
82002,92.253409083867
82003,92.77213902031632
82004,84.70715382596522
82005,108.79417639025634
82006,118.98380010418315
82007,96.10540604321365
82008,99.29196861541273
82009,89.15802340912698
82010,83.85856513249955
82011,93.84317293967435
82012,89.10212436400353
82013,90.47298209910507
82014,101.07560456613591
82015,92.77767883491593
82016,101.0705581950187
82017,138.43321371329074
82018,85.3915936618141
82019,82.9622964675376
82020,88.4536145762532
82021,106.97648879087693
82022,165.51754243023117
82023,109.30646938311669
82024,94.5618330398445
82025,102.97186172746173
82026,84.41368741247764
82027,88.6747502809864
82028,105.27362923970288
82029,90.80981840802214
82030,153.3372889728056
82031,126.23347891477603
82032,98.93376083093678
82033,89.46150701287335
82034,84.05557574322869
82035,89.08068220620065
82036,101.31590874188957
82037,166.00516858777632
82038,90.38962079766746
82039,166.67237392469775
82040,83.16087227425997
82041,132.62538425724966
82042,87.42129670570604
82043,90.12926117131845
82044,99.68707130560377
82045,87.44479803766474
82046,89.66267727661155
82047,91.29384784525676
82048,115.63813275716045
82049,95.81848796945859
82050,113.34059667223771
82051,101.65958971579091
82052,83.90776052120172
82053,111.87878633144676
82054,105.70277375522478
82055,96.13264023280449
82056,129.21747315951302
82057,84.82026775077448
82058,86.22115340373692
82059,123.87551809282154
82060,94.1840275075799
82061,116.43181627436728
82062,97.04993903704674
82063,98.02830413174455
82064,95.22286683295307
82065,88.54256570935415
82066,100.94218104973676
82067,93.45625720462131
82068,129.63320500563776
82069,93.58930414229319
82070,98.82046359499206
82071,108.44615381158697
82072,108.44093079938621
82073,101.2618673032804
82074,93.1892471995216
82075,84.5377047917897
82076,98.36797033635524
82077,109.53346478216959
82078,121.0928345501655
82079,119.05148907439842
82080,82.66612340022023
82081,91.53533784819096
82082,108.10992955915641
82083,108.7439159810006
82084,97.28315055415139
82085,107.20368150572834
82086,91.00355663273668
82087,115.74166601981942
82088,133.9797762110333
82089,92.1869790107511
82090,98.32229547407225
82091,99.00198825107132
82092,121.84147302248307
82093,89.71152646278846
82094,88.0464435155401
82095,107.60278906015792
82096,108.60494728658672
82097,80.48356783912628
82098,91.86431289450415
82099,89.34304364141475
82100,96.51740874261854
82101,122.60592398078727
82102,89.56495145299753
82103,93.72400992458854
82104,91.48759425486385
82105,94.2329930086835
82106,88.23095698453587
82107,131.74861148746538
82108,93.2356035588869
82109,94.04246938820619
82110,99.74506650414496
82111,166.8238917896154
82112,98.38480859609449
82113,80.41903120822194
82114,86.9979516298258
82115,93.9304824838757
82116,89.33457855341386
82117,129.46622531770134
82118,84.20327030340032
82119,107.63144557430773
82120,108.46213092254176
82121,91.85983537172073
82122,92.03032794871184
82123,99.69086013543655
82124,117.11115251278669
82125,124.76690133187758
82126,124.14496682737466
82127,101.171963307513
82128,94.1610471487608
82129,92.67396926002083
82130,99.16178423714179
82131,111.78975171538447
82132,89.2753035902946
82133,100.98759626944907
82134,115.11880156055626
82135,120.81988098438033
82136,90.52822767734439
82137,108.2391725048803
82138,92.7612042641472
82139,89.55042045799193
82140,146.25416896356012
82141,80.97159107292391
82142,88.39852875701332
82143,125.50477245318088
82144,111.40160700199998
82145,96.54053511157223
82146,98.53479852582326
82147,119.93415283855283
82148,134.01456276637037
82149,90.73816421991235
82150,92.28431872020123
82151,136.92881185274206
82152,84.07780135853788
82153,111.05277084816497
82154,91.5946690125847
82155,151.46771980669638
82156,93.91709024844396
82157,125.1984991793757
82158,108.15787055244978
82159,98.4034319551193
82160,94.22099978451602
82161,108.55530694930245
82162,111.99302379823025
82163,94.19972869048395
82164,111.17947779202059
82165,93.37185477360678
82166,93.39240714166989
82167,131.5194381775653
82168,95.7242479599095
82169,90.5739196182323
82170,123.44204029242836
82171,92.76204876705707
82172,91.89629157026344
82173,97.00810898293891
82174,88.21861253996708
82175,106.00020318323782
82176,93.84372320068654
82177,91.44127715582827
82178,99.84982446906402
82179,117.51701019878483
82180,100.29959382833054
82181,110.24550752148214
82182,88.84521310085724
82183,106.79461477602489
82184,98.29537479041257
82185,96.36397289243384
82186,93.5146493869642
82187,105.51581493451145
82188,98.94903585080517
82189,118.1107102770692
82190,97.09218902717207
82191,109.6568569107739
82192,91.19696978208329
82193,129.675652634342
82194,93.79453054795364
82195,82.75625627573807
82196,88.26201753350792
82197,113.48017475845778
82198,114.20528691670721
82199,129.60243472518522
82200,117.29770855374728
82201,105.96337756528892
82202,132.261760905776
82203,112.56360743319662
82204,133.12534379958265
82205,110.09640825327567
82206,139.3718446455748
82207,113.270882207518
82208,123.30895661720051
82209,144.28648905291686
82210,108.73034182070008
82211,104.9544501901935
82212,133.7832449619932
82213,125.96265627819615
82214,156.3553890023956
82215,105.69814890090065
82216,106.86207336381558
82217,130.243089305242
82218,106.91330997447155
82219,115.57162119660477
82220,109.63148218295593
82221,109.77906543867668
82222,124.44518704252214
82223,108.71971320944841
82224,109.40831331437981
82225,130.823331098059
82226,125.86959378713142
82227,124.12592703530045
82228,111.46444068242532
82229,130.61913382315896
82230,130.48975230196487
82231,126.01982650034667
82232,139.88489190768007
82233,106.18027126159866
82234,101.38346308332804
82235,107.51887093926872
82236,105.13774491520884
82237,145.4244797726551
82238,108.66091222223945
82239,107.31773444712361
82240,157.99129565061924
82241,119.69779260525827
82242,116.82289805878487
82243,103.70243511907599
82244,118.02633195354348
82245,105.86392115706711
82246,116.95385947731747
82247,109.34999457095456
82248,103.18792328920266
82249,103.83122545833324
82250,112.05443859269381
82251,111.59285359842728
82252,160.18347821058984
82253,100.79272470274951
82254,113.9628714861418
82255,110.39388982133558
82256,145.43887804388447
82257,115.06983366424053
82258,142.68057244058156
82259,115.17777800935126
82260,142.66297810774677
82261,149.3501405417037
82262,116.8600380113598
82263,103.23213500560236
82264,106.17149886859202
82265,119.71782262828528
82266,131.36250676684347
82267,104.92801147798555
82268,124.74432630878043
82269,99.22927302545595
82270,137.7153429584548
82271,174.44563101883608
82272,128.5230938403181
82273,116.3048230251626
82274,121.79976206782796
82275,125.99157812577947
82276,102.66852187556027
82277,114.20551692430978
82278,120.57051222474622
82279,112.61750415158225
82280,127.57231681923282
82281,99.49364637133517
82282,105.74022814398243
82283,136.7141927228086
82284,126.30623358819257
82285,118.14009155286489
82286,115.60618786737716
82287,118.48675205316762
82288,103.96830155567768
82289,119.85996851426744
82290,113.64902038659535
82291,116.36357217766191
82292,122.98877864543097
82293,107.16470777705841
82294,114.71104236568176
82295,133.43971900676797
82296,108.37975167439215
82297,111.60860718401962
82298,114.0341718800811
82299,167.7075626609335
82300,170.71927300046076
82301,130.70823067974203
82302,151.82683318365758
82303,128.351218225374
82304,122.75594797389972
82305,118.94223238467286
82306,177.0635743640729
82307,140.76810659090535
82308,115.13581347263913
82309,141.0514313916815
82310,127.33719302792947
82311,139.8898204952771
82312,114.79598395003377
82313,131.53681205299767
82314,101.48914490861723
82315,98.01687318983507
82316,109.01959970153554
82317,127.16343708539254
82318,175.9561444936026
82319,111.7038831070977
82320,123.11422187019018
82321,131.76230497120423
82322,119.20291401707941
82323,130.58521211071957
82324,133.97980451576075
82325,119.55106263840726
82326,129.90776019549855
82327,122.36995577229028
82328,109.71653953778271
82329,112.30768501798714
82330,105.32115845237554
82331,109.76850126474297
82332,160.36480665192727
82333,111.57726322859868
82334,104.40484746353592
82335,158.2907655964355
82336,154.65925617418588
82337,102.69154454836378
82338,130.34771304361868
82339,115.97057198218222
82340,134.83471761221494
82341,121.59387841697416
82342,110.5566418739361
82343,184.56037015462186
82344,117.67411129831031
82345,109.58914976741822
82346,105.96360994764991
82347,150.15960050779972
82348,114.14256121613697
82349,112.51385566768529
82350,99.91959038139989
82351,111.58266809410013
82352,109.63400691375595
82353,114.32508791394422
82354,127.3570201976395
82355,132.3182852261162
82356,104.9386697328985
82357,118.87131777635967
82358,178.59224544057025
82359,112.65350380210786
82360,118.69595317553969
82361,130.42191175938518
82362,128.0362926457512
82363,141.49453535084655
82364,104.53362858054298
82365,100.44175841175804
82366,176.05265530605755
82367,100.56878696812204
82368,126.58659893001732
82369,142.392758452228
82370,176.13952264385392
82371,110.61181244786137
82372,123.42969768969705
82373,168.73741595119878
82374,100.28200792124942
82375,103.62155334247142
82376,142.5389763583253
82377,110.98986786502665
82378,113.49869402005059
82379,124.39898286459454
82380,95.10549400675082
82381,191.27617099538435
82382,140.67188637904573
82383,105.704229685268
82384,132.47727217447488
82385,138.3595267539808
82386,115.64180241097507
82387,121.91279333445742
82388,98.75749117571583
82389,91.60117202015097
82390,132.92143786136955
82391,144.1543259413305
82392,119.03134780788704
82393,122.57304575479306
82394,105.19470275917284
82395,150.9905383708791
82396,105.02667643964257
82397,97.984806091637
82398,176.5915484692074
82399,116.26940868847076
82400,108.50683893336928
82401,124.00287243942554
82402,108.96809045881143
82403,94.00985879851156
82404,114.24402076952508
82405,160.96629659374094
82406,103.89110335663152
82407,123.5453582077317
82408,110.88666809859471
82409,101.23965251265061
82410,107.31061055227933
82411,112.99189017854339
82412,121.48588688958675
82413,105.37744883601987
82414,105.94324724951638
82415,96.99743065463129
82416,169.11938386176143
82417,111.07563923296833
82418,145.78730631881825
82419,91.95782872014145
82420,107.32860522098592
82421,122.47320924106965
82422,111.97823352242769
82423,119.5816667572176
82424,104.52240769029136
82425,105.73907729092234
82426,110.22637061734595
82427,92.28302804184348
82428,106.70570536068574
82429,136.33283040700678
82430,108.95383187106658
82431,94.2348154996095
82432,104.04304934363141
82433,107.35562075339853
82434,105.13520533927026
82435,111.8283790908633
82436,96.30926997127646
82437,94.912720235246
82438,99.09851087543471
82439,116.14556812986379
82440,110.88855607132781
82441,75.96701107161226
82442,78.55945211625209
82443,29.2542733459848
82444,32.74010285515466
82445,70.76220722672115
82446,-10.924813851429704
82447,1.449883106339385
82448,-4.120379911385115
82449,0.4315950514996558
82450,14.522228207353905
82451,12.71314532877544
82452,12.605606736528145
82453,53.954426110360416
82454,2.1641204381938763
82455,31.892777092885623
82456,28.409503777799998
82457,29.28077273334911
82458,12.586277470436144
82459,55.964716927932116
82460,19.41137272944424
82461,9.826289602334626
82462,8.31333373016109
82463,23.645771951291877
82464,29.989034246075292
82465,12.573630056262047
82466,29.261918345543464
82467,23.08315168035044
82468,6.557517588085361
82469,9.088969957615475
82470,-6.524877350524761
82471,7.011932877938349
82472,29.227216494330534
82473,27.66110829289194
82474,53.96012529301386
82475,-11.62929171140469
82476,63.33893077889333
82477,12.65014219357171
82478,13.968778852975149
82479,25.817307077021965
82480,-9.961107766889356
82481,7.495408458318778
82482,1.1541634368733042
82483,-12.745001592113809
82484,-10.72146782563091
82485,3.3466383972796763
82486,37.34544926102011
82487,36.393768608553856
82488,5.573872520302771
82489,24.165889889379073
82490,-8.931561217116311
82491,56.513573209012165
82492,-1.4816105567157507
82493,44.71066551147565
82494,27.735195045853644
82495,-8.685061622274489
82496,1.2540091554048587
82497,17.070934579318205
82498,12.577916275142584
82499,12.973328683109301
82500,45.06213472460273
82501,-16.315543795419515
82502,-10.254790832347467
82503,0.06746246967513514
82504,58.0821108536979
82505,14.598762465252477
82506,26.58433241862228
82507,42.491173434492296
82508,25.078233503260677
82509,1.0848772126342539
82510,27.593642361780653
82511,3.8812969369289334
82512,13.572536296307604
82513,19.092754198904274
82514,24.905691139611847
82515,29.225747498551797
82516,-3.752944772366348
82517,-16.22450661374735
82518,8.400178972962507
82519,4.668884004791849
82520,5.275016426399546
82521,26.621040316421457
82522,10.751020572426526
82523,39.01342031865012
82524,-2.3571455338903746
82525,14.653570908187149
82526,-14.24192009601218
82527,29.231017868427713
82528,4.068435060933481
82529,19.66960885737906
82530,29.396471440325357
82531,4.612922727688428
82532,16.222171486345488
82533,23.732015800472723
82534,42.822729171165705
82535,-0.5561468619170427
82536,29.577846761327336
82537,12.606140861011951
82538,29.4839207700427
82539,27.494273202385486
82540,4.276415825078274
82541,-5.857452580543125
82542,18.501166631092516
82543,-12.75146794115598
82544,55.634908708762296
82545,29.2995124906014
82546,12.571650973827943
82547,-12.033436964266556
82548,-14.018095776236962
82549,12.6278543641575
82550,-8.505506155743731
82551,-12.607011755541564
82552,38.36304698115636
82553,29.957365576783772
82554,9.717232065809029
82555,29.343120182211138
82556,70.84964252526224
82557,29.128971375701255
82558,17.965550317093815
82559,-0.8640866865510048
82560,29.395288862230316
82561,-1.500474123910763
82562,-8.013372981620577
82563,16.11586024829647
82564,-4.073763747480754
82565,22.567223791652154
82566,17.358332637649525
82567,12.434389540149695
82568,12.569875705624796
82569,9.174209835441772
82570,12.677766141658608
82571,18.141298980083647
82572,23.693530920032813
82573,29.217925018986463
82574,12.574832251788976
82575,27.66669357929449
82576,74.19940676991642
82577,5.341441932802368
82578,-9.396961375729333
82579,10.074388111372272
82580,7.311886160978744
82581,-12.009668390357362
82582,29.949223650017856
82583,29.776141033667685
82584,-2.202049136588684
82585,23.626194583450527
82586,52.29905306447647
82587,5.993700075633498
82588,3.5381472824482074
82589,29.266270744092182
82590,12.640033940045996
82591,3.7544910407991807
82592,34.42361805493108
82593,3.9515754736261357
82594,8.20012015807528
82595,50.99607997652073
82596,14.529257529630442
82597,7.311419381394089
82598,9.113316092324126
82599,-1.3696709272607421
82600,15.306411118277381
82601,-4.116862950703862
82602,-5.442493055197062
82603,9.212431026203816
82604,18.74753630100902
82605,17.009969116312178
82606,-3.2042417823465854
82607,1.1838482888959305
82608,12.556697778273659
82609,14.196763154709075
82610,-13.791263857279247
82611,64.54998258842461
82612,13.902269032350048
82613,19.06274170010677
82614,12.640616665199772
82615,22.37374363374063
82616,19.57709937975075
82617,29.699440938672453
82618,84.48012383032379
82619,38.42447217439526
82620,-16.24434417333454
82621,1.1968492853066408
82622,29.51868068023542
82623,57.343211667150754
82624,19.631799062455045
82625,1.7441354899862205
82626,36.273607611742946
82627,61.78988654136781
82628,47.69282750705007
82629,0.11805398899615227
82630,29.649894294342673
82631,56.63099519859152
82632,5.525095453248056
82633,25.76824162890354
82634,-3.383487877670987
82635,38.9349342932032
82636,29.337014270827737
82637,5.665223849732698
82638,-12.03080094117449
82639,10.336460397018286
82640,14.462998432824762
82641,66.89577629481961
82642,2.884871153796567
82643,29.692838600914186
82644,9.667347370832047
82645,28.90236408677889
82646,29.321818729166765
82647,-12.370481815112882
82648,12.572249719866576
82649,6.292670727712633
82650,15.863719602768967
82651,1.127443636217393
82652,76.06293560268726
82653,20.07340048485888
82654,-8.04176806817209
82655,-14.667794122233474
82656,66.12098099806106
82657,3.8546327352504335
82658,17.76376650449201
82659,25.830576566713674
82660,-1.360082855404059
82661,10.631922522323052
82662,-14.597542692827787
82663,2.5541468157344553
82664,-11.675598044121742
82665,12.952047234594644
82666,135.68497734506525
82667,214.28954201596395
82668,197.28499158121798
82669,196.93907571348268
82670,208.50605202794873
82671,170.7205605995701
82672,202.07424495402373
82673,193.36544819036195
82674,-13.684706679809139
82675,-8.453668203360436
82676,3.7997874129712983
82677,1.2165798445622755
82678,-2.3631165733105632
82679,-26.368698624701338
82680,-18.53865314177078
82681,-30.282647383115616
82682,-2.372184960020647
82683,-14.560260807926355
82684,-30.228554259957306
82685,16.43428454680459
82686,-3.1501505586658283
82687,90.49578240640123
82688,47.652459256498176
82689,46.512470703559856
82690,34.383750110758925
82691,101.60798468579215
82692,33.4249783715881
82693,113.03839635420952
82694,64.44606252562339
82695,57.545435419850676
82696,57.38713096819734
82697,124.97600430506041
82698,52.50702356426574
82699,111.95127116085334
82700,57.11289214418281
82701,69.13020258599379
82702,57.35586471698116
82703,73.56327485429344
82704,52.56875609074426
82705,86.63804199494258
82706,46.14754520149357
82707,60.3182899636832
82708,97.55802526435376
82709,86.40428664017706
82710,73.98310353850675
82711,129.65367844476918
82712,64.21162130330379
82713,64.0970574658446
82714,73.66584465918378
82715,55.387404905607866
82716,74.07506875286845
82717,58.53849799061345
82718,88.20993175833338
82719,73.97794262420513
82720,76.35202846038608
82721,65.04250629720775
82722,88.73697020140422
82723,111.29393082457332
82724,73.5288864152452
82725,48.70307568778462
82726,67.37109199820829
82727,44.799942591871115
82728,88.00458819447502
82729,88.90124717048145
82730,89.01097199745537
82731,87.77658697229303
82732,88.98181014841089
82733,88.04235469977318
82734,153.24840146196334
82735,165.8009966611314
82736,164.7898245314299
82737,164.8956040829151
82738,165.29282099410034
82739,165.13500151252595
82740,165.10881001118747
82741,164.7453377421548
82742,165.41343734858572
82743,164.8224881745817
82744,149.49095220149616
82745,167.76682882710855
82746,165.26766499130815
82747,165.75774864203777
82748,136.46731018720294
82749,166.86090052630055
82750,165.35770025914093
82751,102.83414560463746
82752,180.81852784413985
82753,145.004555113771
82754,118.71868300397666
82755,114.44683992815489
82756,8.38650753600298
82757,1.989384836965101
82758,24.135567611929517
82759,31.158343599140167
82760,31.163651402759413
82761,28.31718878653387
82762,27.833040297037805
82763,109.61796560432317
82764,110.28190510347765
82765,104.86514273949244
82766,352.73951604228836
82767,374.01227971225495
82768,32.424054581717634
82769,33.0218917674492
82770,38.33158399559367
82771,83.12795503261063
82772,66.47194800299053
82773,27.476259768792012
82774,136.017846276843
82775,136.10139204356602
82776,136.61945472892137
82777,183.6671733304118
82778,189.8554008199996
82779,53.12782584316488
82780,83.00571010144691
82781,43.9112947648484
82782,79.331834030019
82783,39.06466269646926
82784,39.959169232225285
82785,68.37773288887738
82786,53.60653417313002
82787,26.373208465480523
82788,68.69669393249652
82789,23.56437354961419
82790,61.91414878595881
82791,73.34627352120165
82792,37.002927633566905
82793,51.22509202459769
82794,58.8555432660411
82795,50.85021853552339
82796,56.379655824011216
82797,33.65287298860989
82798,68.50263041205787
82799,49.643544716140575
82800,53.30345312174352
82801,47.12253183850665
82802,55.55108577095162
82803,32.943069024586045
82804,77.18729744469437
82805,92.02008818575747
82806,86.41646222526232
82807,44.5479551703614
82808,28.85165119346386
82809,32.719903445842654
82810,53.55311494724378
82811,32.01127958977364
82812,25.97480039699412
82813,49.20245057142866
82814,50.8648218884368
82815,76.06113517251251
82816,90.45285336535181
82817,29.559336080719525
82818,54.449817986416456
82819,106.2152242331151
82820,92.6578660597399
82821,52.046539323213146
82822,25.33719662764382
82823,51.02748750664161
82824,83.33095968274392
82825,101.49447315343984
82826,118.67697900872734
82827,113.2271580166847
82828,173.59844861081245
82829,119.94775143950649
82830,139.40666552496282
82831,175.80259510993136
82832,124.70808885800913
82833,156.36356802098214
82834,159.01979109748441
82835,151.89929680668263
82836,108.0490315897657
82837,139.41285161460632
82838,123.92604096143798
82839,140.5129555315163
82840,146.64676961130994
82841,117.41910172542403
82842,161.28626995402476
82843,106.60154868062288
82844,125.56169791091831
82845,110.52781807745892
82846,163.98596653304685
82847,114.65990522880348
82848,155.17262000281892
82849,120.9322843167006
82850,137.9608439857672
82851,89.32739460719453
82852,107.81324450196693
82853,134.37319360529034
82854,157.11514584900925
82855,141.06062271135778
82856,154.74618474555263
82857,106.83246240528062
82858,115.55781921659023
82859,160.45443890933933
82860,135.9678736242547
82861,131.9608979800048
82862,166.97324272629862
82863,138.45029204487827
82864,164.83392926520025
82865,165.027887975235
82866,161.6892833323916
82867,141.0600782805647
82868,154.01506037610994
82869,183.69724828313724
82870,135.5795314420597
82871,185.98969649784868
82872,183.27341105122548
82873,153.79508910939893
82874,144.41812854136737
82875,127.14825607844845
82876,183.58510814835086
82877,145.04030121206745
82878,172.88055231717289
82879,165.90291217062645
82880,173.33567767908033
82881,164.46041932517215
82882,178.6699270346059
82883,146.67023809745473
82884,164.79316051188403
82885,166.50789477269183
82886,185.02056236718386
82887,167.06812129445342
82888,170.85353147465418
82889,151.2031773141673
82890,176.64404634445174
82891,113.20483489773208
82892,174.72802208415249
82893,185.19094805540624
82894,115.68699831931572
82895,186.76243489259429
82896,178.74466831725266
82897,139.48299133506038
82898,159.55862536897905
82899,191.36785336012076
82900,128.81018860467913
82901,174.85508004896428
82902,170.70262530644987
82903,158.4621282577222
82904,146.28000344572922
82905,184.2034396001511
82906,146.5972406378359
82907,188.48295144593084
82908,121.31835707136047
82909,145.57010499656627
82910,122.62619591498743
82911,154.00598450404968
82912,165.02015811023352
82913,142.22528402134031
82914,187.09874551118182
82915,162.10873633809592
82916,125.40514397767639
82917,186.7877337734078
82918,104.86759403372169
82919,135.17642918326663
82920,134.85150350555597
82921,162.76558421088524
82922,182.53202129466604
82923,158.6882916140206
82924,154.10723198071474
82925,5.968950514600365
82926,58.925820827371425
82927,50.79339326236364
82928,67.33718348710461
82929,8.58178118443503
82930,25.172565587475376
82931,37.702268193432545
82932,-1.1173119507642042
82933,66.70406957269536
82934,31.40984004226904
82935,10.725036792502365
82936,25.98636031397926
82937,72.49944951160178
82938,1.4410391983992241
82939,14.634247374588043
82940,68.43826004953048
82941,45.99501226816484
82942,18.109769232683945
82943,32.24671583073014
82944,38.575549555163676
82945,12.19442735500418
82946,6.0635065195881594
82947,44.38350842432904
82948,54.034245862145454
82949,46.49764342256971
82950,42.804162654960024
82951,29.52145883496381
82952,10.153580663326196
82953,23.641376816073105
82954,64.5878433818685
82955,-4.824800747666629
82956,20.71745083684796
82957,68.37535955595631
82958,17.379120835505162
82959,34.032264860953845
82960,40.96774005332749
82961,184.85423237501203
82962,28.96273747250637
82963,28.640067643367836
82964,28.3270219436502
82965,91.87266171136797
82966,92.43130601346535
82967,104.29060944556723
82968,104.27908394753463
82969,104.98875923075236
82970,104.4014675139593
82971,104.18820629669888
82972,104.77780173678418
82973,104.53985417573047
82974,104.89458513544317
82975,105.04491306246099
82976,104.55582535654314
82977,104.19078980855899
82978,105.43631573072379
82979,172.10814862814283
82980,171.9355680516552
82981,172.81419111730187
82982,171.94143664761305
82983,140.91742710663692
82984,157.55622362270105
82985,157.36144721355907
82986,140.85302417957416
82987,140.71385373845146
82988,79.63380764626842
82989,166.76164716401706
82990,156.85697413738592
82991,157.29035198394655
82992,163.42046813830524
82993,158.3277453399898
82994,157.20311242394348
82995,69.4231143011171
82996,69.25515341471646
82997,70.2462558952769
82998,50.02796883976226
82999,69.86561631662155
83000,69.05268934360038
83001,69.81185097331544
83002,69.62863591161641
83003,70.0331816493177
83004,69.72771411707333
83005,69.95021916195458
83006,69.08063831215898
83007,133.8949638540397
83008,137.3009410777782
83009,155.33777236198938
83010,133.5277075896346
83011,134.15213062959032
83012,134.66944501344028
83013,135.05134850838635
83014,142.29711294369844
83015,134.26842812239158
83016,134.05438232805204
83017,135.2731295485358
83018,134.5054661608641
83019,134.67632844172664
83020,134.63102394516454
83021,157.07140403998005
83022,154.42051260249679
83023,157.50734738135577
83024,152.80424571830594
83025,157.0140018521608
83026,157.1064497033763
83027,152.56393594106163
83028,157.09167572411252
83029,154.91442484023042
83030,152.30014657735563
83031,156.63106654204063
83032,156.99664749997424
83033,152.6962260991382
83034,157.05483282170894
83035,154.06853067685762
83036,151.89501739063394
83037,151.83508839389208
83038,152.0534103733143
83039,156.22138344889999
83040,152.8391650184298
83041,152.22464779689045
83042,157.0827397776684
83043,156.49639308644947
83044,156.443947059344
83045,152.0985177141165
83046,156.9474755011118
83047,155.93745642939558
83048,157.2246750477783
83049,152.23155424059348
83050,153.1652070639139
83051,156.96816228519748
83052,152.5042940135241
83053,156.94925953981954
83054,151.30207291063687
83055,156.36364307767803
83056,154.0607865864784
83057,146.23453101756326
83058,146.48415418483734
83059,146.61319575085417
83060,147.22792401527045
83061,146.19080140703085
83062,146.50339702001986
83063,146.22513153338792
83064,146.31329350763207
83065,146.24920308243412
83066,146.8724278853672
83067,149.08825868479187
83068,148.2467181525808
83069,146.43386453384636
83070,147.41298230666854
83071,146.4622144806608
83072,146.30248043668792
83073,146.40288898836297
83074,146.19732783449905
83075,146.29068910089637
83076,146.28840817872282
83077,146.25767092044703
83078,38.51638507081309
83079,55.160648906778206
83080,53.867817355034006
83081,53.405761871392386
83082,63.194764767440134
83083,53.18330536963818
83084,53.094229298519465
83085,38.27065243426567
83086,38.286826271763275
83087,55.141391238652275
83088,54.92270240313947
83089,52.97689338134235
83090,38.28535167879237
83091,53.00048578881304
83092,38.64829291201731
83093,38.301212620695864
83094,53.51939039212739
83095,213.19411684556843
83096,292.7582376876427
83097,380.79193214974396
83098,379.63245980350564
83099,380.18337971620275
83100,379.652447292548
83101,379.91924437123527
83102,380.02371772017585
83103,380.0326871532599
83104,379.58055188525265
83105,379.66926409950304
83106,379.63782926791293
83107,379.7193416630046
83108,379.6112131179338
83109,371.12584308050833
83110,370.3798412338164
83111,262.4756067750539
83112,261.8227770725665
83113,278.97884107010555
83114,261.9919970372928
83115,261.76001491808125
83116,197.44285296932821
83117,263.0977492132253
83118,289.9823014623984
83119,262.1528504721066
83120,280.65867440877736
83121,341.73174096676587
83122,313.2802498647809
83123,284.48563322750226
83124,329.13954299633946
83125,307.0281156965715
83126,301.224978188706
83127,280.6584329378918
83128,295.4256682722054
83129,341.21997266877236
83130,284.88393600413485
83131,292.6402924889804
83132,283.1798365688631
83133,263.7289054164637
83134,293.11880017131614
83135,305.6608890504616
83136,293.6461969450279
83137,280.41112124065825
83138,308.5899776802353
83139,328.7681236519791
83140,333.1221956664998
83141,307.00505708950476
83142,276.36978936894366
83143,262.2769287659927
83144,289.4506966240809
83145,258.42827389852795
83146,253.88361415391
83147,167.48934643458637
83148,190.6992244531421
83149,154.47800655963096
83150,217.49321375669894
83151,210.85086417869195
83152,65.74900353060099
83153,153.3279197744414
83154,154.0414456119105
83155,155.03555630565643
83156,154.87039049050196
83157,153.8544885835518
83158,154.429644592258
83159,154.0187802653474
83160,153.82832624357206
83161,153.751430259419
83162,153.08576469034034
83163,114.2377652399171
83164,113.23899302948983
83165,123.86782471730571
83166,124.83643660084515
83167,34.29747601759255
83168,121.25644871842563
83169,116.91094107680813
83170,81.96779920421255
83171,145.54403407867022
83172,172.20413268824433
83173,164.82929102045978
83174,166.89904587361258
83175,157.98814210174044
83176,157.91092278973525
83177,170.39495397595192
83178,160.6787862202246
83179,13.300491075680966
83180,46.42135295839947
83181,46.9296163954869
83182,110.77067960536529
83183,133.52122241809388
83184,128.80386838993599
83185,124.42414186445329
83186,17.644810175327123
83187,16.63387247636372
83188,16.557008039107345
83189,17.217832476333555
83190,99.02356919067891
83191,69.74783463743793
83192,166.75438437091748
83193,183.73980470907657
83194,133.55025762107107
83195,124.16108963862173
83196,152.34235738000092
83197,178.82296048154905
83198,210.52431187377692
83199,202.80741244844893
83200,181.37769715873043
83201,194.91682800646475
83202,174.07259408988824
83203,132.7950394127916
83204,151.42317215524662
83205,192.20739825453518
83206,152.78317154841233
83207,141.2001367444052
83208,206.3890647721393
83209,184.0490219206199
83210,215.26156509324773
83211,153.16267227880894
83212,153.4130431087657
83213,151.88414276173245
83214,151.41130298304597
83215,169.4879191420739
83216,182.96663735418957
83217,140.58983944153886
83218,205.5991881739883
83219,203.70044937757058
83220,211.19600973784605
83221,202.04838901055433
83222,152.6355984425045
83223,187.9187696792406
83224,210.84401078823862
83225,207.5767719362483
83226,149.14752909275262
83227,192.63674342563303
83228,152.14734600467222
83229,208.61435045269832
83230,164.534488869217
83231,152.33387809929002
83232,168.24873503319424
83233,167.54117154209735
83234,185.95698535643072
83235,148.76668986207926
83236,182.06562817561695
83237,146.77595572583925
83238,194.49307224288793
83239,200.687070702425
83240,157.7225087465573
83241,149.24060318168273
83242,147.10548752702783
83243,117.68145526805064
83244,99.31441384094201
83245,36.63474825475397
83246,72.26891839468438
83247,21.58870865433913
83248,76.92039559041602
83249,10.511834238371577
83250,48.58118395450252
83251,50.44453034105551
83252,102.2618846352912
83253,17.6814249769768
83254,31.460071822322803
83255,55.40470278694927
83256,79.7230102651434
83257,69.50517575414439
83258,74.70421876212434
83259,55.22151980923674
83260,55.670730339457705
83261,26.37569520548574
83262,47.36753496343222
83263,21.862421609686535
83264,50.92878576944243
83265,29.745727088524248
83266,83.40993345373832
83267,147.88133815093238
83268,147.58959875104205
83269,147.0122182909044
83270,147.95695540856184
83271,165.74199833718092
83272,165.71252296894562
83273,172.59804312808876
83274,166.576474001865
83275,170.8277135162018
83276,165.51102946777416
83277,166.05591683920596
83278,101.1649302200769
83279,34.1767579437677
83280,117.08356184509391
83281,116.97827127795675
83282,116.78374195571148
83283,117.00021577814307
83284,117.38798400287304
83285,116.83682553571269
83286,138.670347962778
83287,127.60536887649384
83288,135.13093380464755
83289,138.32006466723664
83290,139.69509301251776
83291,134.08438000828073
83292,110.46710965985791
83293,134.76988052806286
83294,140.26686812527333
83295,136.0482810144821
83296,134.02057479995676
83297,138.6721069853818
83298,135.3804158064006
83299,128.95875506050845
83300,128.88793441004572
83301,103.29905542204925
83302,134.90279357508734
83303,129.47623729243838
83304,129.94131732035555
83305,130.69398224390693
83306,129.00294056738898
83307,129.10470892269439
83308,129.5049283177038
83309,130.46958323141297
83310,129.21042368117418
83311,131.44986120365735
83312,-1.781287268339824
83313,20.9897883216574
83314,37.60609640465414
83315,5.320181883625722
83316,-7.528799489965749
83317,37.74325645401838
83318,21.31100836543949
83319,37.77297384928467
83320,21.143393415855613
83321,37.48093448352394
83322,37.79336303709961
83323,20.984672422827273
83324,37.88428285599453
83325,5.218039703912851
83326,57.82055252842379
83327,37.837423656012064
83328,20.99945115096172
83329,21.0745261517542
83330,21.017689749689467
83331,20.991082125669678
83332,11.118881290002392
83333,20.96579278365114
83334,37.64523013802348
83335,-0.8964237128181907
83336,55.255328089756816
83337,38.04874101087201
83338,33.55167781601473
83339,21.85600631735953
83340,37.86528004782146
83341,20.947015978829896
83342,37.64486139137922
83343,37.664301874713956
83344,37.82961891369929
83345,62.305959446736054
83346,21.039648344272806
83347,20.96171676691519
83348,21.28831860726207
83349,37.7654672633454
83350,-7.986713274449343
83351,41.651819680625366
83352,37.64045741611524
83353,37.755784199520875
83354,37.763527270008936
83355,20.967687418171195
83356,21.19584074197452
83357,21.135715515988593
83358,37.85762110265371
83359,37.641640408879496
83360,37.62022577015183
83361,20.995332802550777
83362,52.5656255648491
83363,38.55112795492086
83364,20.95702435949137
83365,35.363965503969965
83366,21.04475870062079
83367,37.514998200345374
83368,37.63295777531154
83369,20.963614324936728
83370,37.79489863815236
83371,36.79846404797844
83372,20.996934931456977
83373,9.550500666597102
83374,25.32761578426758
83375,110.91082662589663
83376,86.56537646014486
83377,121.48927992020556
83378,108.37566878170138
83379,84.90060169709675
83380,97.72251869372035
83381,98.86415277461528
83382,91.43396278811163
83383,141.84243615040668
83384,78.50635495542271
83385,97.60768551718296
83386,135.54640262479097
83387,145.12485049788012
83388,82.22763539956357
83389,78.43574054727377
83390,110.87818729071908
83391,152.35412170478702
83392,116.21280425098293
83393,81.86762122784374
83394,102.93700108120656
83395,126.92217550029325
83396,110.441102479382
83397,109.30911461976065
83398,107.37902688655565
83399,74.89795699364247
83400,106.607497825307
83401,150.44295422538477
83402,78.24396289831189
83403,86.44584029783867
83404,127.0279470234954
83405,85.064497737666
83406,104.76304987987318
83407,89.89216213390647
83408,119.2196193091295
83409,85.1035062452409
83410,98.73179615452288
83411,98.24717135218533
83412,97.74268123651397
83413,148.30723973886933
83414,98.72485071683319
83415,93.44186342386693
83416,141.89538324468953
83417,126.51716584831259
83418,82.95937413786014
83419,116.7539742614028
83420,92.7463652284623
83421,102.6955592826943
83422,107.0205391937239
83423,136.33868740499832
83424,140.0440069510708
83425,130.324614181073
83426,101.36476554948472
83427,97.64289044091494
83428,85.8338174061662
83429,148.87008172209698
83430,149.2919508382916
83431,97.70249037929646
83432,117.96765877732143
83433,105.81815307691376
83434,95.06444675445859
83435,94.67882590037787
83436,111.0565810145613
83437,122.26394529420499
83438,77.52103725484754
83439,102.08281058196776
83440,120.54107489051425
83441,97.8585367282718
83442,94.60939509860678
83443,98.09610055483994
83444,92.30863701690568
83445,98.420453936372
83446,117.6530517226097
83447,97.82679519627594
83448,82.8941782069182
83449,137.2082360670969
83450,105.75313292177809
83451,78.35841368115264
83452,118.39647941624578
83453,116.15951383733481
83454,81.01975158775859
83455,130.16970760866297
83456,113.57553625273293
83457,91.07121808219595
83458,97.66119146493268
83459,75.89989083432398
83460,94.29424037081715
83461,125.90574696956936
83462,127.6218582528865
83463,124.29825140342798
83464,79.79245637685516
83465,156.21421157486867
83466,87.98126007137493
83467,97.83084467150759
83468,97.9925868253291
83469,97.79798492376226
83470,102.08143752109324
83471,88.0038468524648
83472,96.85608737617208
83473,98.72711934411437
83474,83.00167298749174
83475,78.04544940906645
83476,78.52930575882412
83477,84.65352343038414
83478,109.99566093113692
83479,85.56982607380114
83480,74.51208250270624
83481,97.65953026510952
83482,80.14771971021302
83483,77.76085689202039
83484,108.42169448748957
83485,101.1620561196752
83486,92.22866713724532
83487,95.28646643124956
83488,101.29638297759665
83489,96.9072799646659
83490,99.62809489166669
83491,104.72849269228739
83492,97.5509322201432
83493,92.72679898274147
83494,85.74344178451811
83495,78.37739458079805
83496,134.08149333404612
83497,97.75082235503648
83498,131.4476525360716
83499,95.91987558387642
83500,98.20360521970211
83501,97.6613541865264
83502,98.07138750536443
83503,100.59371383366134
83504,155.62603964772313
83505,133.75881672556545
83506,88.9592839116517
83507,97.76453938573256
83508,147.07363529155134
83509,104.69373771718223
83510,97.77908923531554
83511,95.171966176129
83512,98.00675802236553
83513,98.53796764415493
83514,132.47828305045238
83515,97.647672890555
83516,77.49194790701004
83517,97.65314547580844
83518,97.81131662403199
83519,141.5728918664837
83520,92.42803643510287
83521,97.98941763171713
83522,99.3383124540246
83523,100.36422357222357
83524,97.64669505469932
83525,82.86446325572531
83526,99.93875177306741
83527,96.80765517050305
83528,155.6607670285032
83529,154.82571429331705
83530,97.05939378029852
83531,146.05279147854588
83532,123.62788078385911
83533,138.3153776353189
83534,127.1524372228442
83535,97.73334939330933
83536,96.9288856173303
83537,102.74897427955734
83538,143.5217404423879
83539,95.27424069092966
83540,91.34857143842545
83541,116.43667892920952
83542,126.39575916051642
83543,90.01112583064163
83544,97.6497379190409
83545,88.53551696885323
83546,81.27300381781951
83547,133.4897038749342
83548,77.17536598106942
83549,76.74829567402558
83550,134.6296076214693
83551,127.03097104098525
83552,98.4159172600947
83553,97.70316615997699
83554,147.7447630895847
83555,94.17119399402095
83556,140.6590764971902
83557,120.58940386822228
83558,108.58541480856637
83559,150.66263174100197
83560,97.72990020724488
83561,83.64651676280072
83562,122.53876975483776
83563,95.94537968418489
83564,99.95673242030601
83565,90.63288807628676
83566,97.95078824490328
83567,102.3115744235004
83568,151.87236801012455
83569,73.91849949441796
83570,88.204859784997
83571,97.84514683978178
83572,97.67493787154937
83573,84.20415343540775
83574,80.96715038508107
83575,104.75362603436552
83576,155.75241443478444
83577,113.76033538401957
83578,131.40887781799643
83579,97.65507293958116
83580,129.43432357198276
83581,96.43985108632587
83582,97.85088743982341
83583,98.10437981972622
83584,141.8925792003417
83585,111.7778636619011
83586,90.10074889291324
83587,134.60235461161062
83588,90.71208704250277
83589,78.36615260365626
83590,121.37753602444839
83591,97.20188654772902
83592,102.43241415981755
83593,97.10099969632576
83594,96.91709534240586
83595,127.63168241385837
83596,88.0120368414642
83597,110.49697778483308
83598,98.88027753618344
83599,84.93958711782598
83600,131.17089481802117
83601,98.34333225594825
83602,94.20040189185339
83603,97.77214793788464
83604,84.57186142491308
83605,152.68418193214438
83606,123.03755619617395
83607,98.00653989514784
83608,100.45360519562307
83609,94.2715635456836
83610,97.78716453051082
83611,123.70690216674923
83612,98.02161825220203
83613,97.88263751233343
83614,121.16005877340747
83615,76.59335109335133
83616,111.94086253417682
83617,112.5758419564116
83618,93.34475938264374
83619,88.84528325457102
83620,111.10865322524877
83621,97.98379738759233
83622,94.90474015099117
83623,153.17214974350577
83624,98.55477187440711
83625,111.80292589076159
83626,79.50396265256849
83627,77.49514142804345
83628,97.66167300365403
83629,98.2865778382771
83630,130.49616088677033
83631,97.34236702757521
83632,97.92106682800305
83633,146.84021112487437
83634,91.92619665214475
83635,92.77680296635081
83636,152.40252736895172
83637,129.2881883963098
83638,86.33042440856097
83639,75.8360906392066
83640,77.53788864657481
83641,118.87546005231219
83642,137.25004021739613
83643,140.70990900276155
83644,98.16534388161692
83645,100.65986088199735
83646,97.67773148191402
83647,83.98106796472469
83648,97.79933319072607
83649,82.1620633123985
83650,96.80065003872976
83651,98.96629878169871
83652,86.37287462530882
83653,97.74035901442319
83654,98.10335839860316
83655,127.31011649342442
83656,74.29850014570285
83657,97.83825450008557
83658,79.61311739034345
83659,91.27452460268977
83660,87.07859808858224
83661,122.37739063822708
83662,121.51065156174629
83663,106.89672057308083
83664,100.41193803088863
83665,98.02472982644723
83666,111.77658750036774
83667,130.11175202807732
83668,102.28418140396907
83669,119.59628991847835
83670,97.0683282147934
83671,114.36519204647028
83672,115.38992914064933
83673,86.17481021756409
83674,112.35263132347627
83675,108.75715696159857
83676,156.73416781909856
83677,118.15993238092061
83678,133.16120102743133
83679,113.58137598924891
83680,98.8285687182764
83681,115.20320221657225
83682,112.87516394709048
83683,131.88703155207338
83684,148.52319702332818
83685,104.15588251322573
83686,151.0692927045909
83687,116.42591478498743
83688,105.10734834532884
83689,101.0861714204599
83690,152.5862772885871
83691,96.23946998778577
83692,121.66998715463707
83693,173.00943582924634
83694,91.40761621159713
83695,110.359826095347
83696,107.81104685065806
83697,164.0814243829687
83698,141.36519981520252
83699,88.71855554294577
83700,119.49801475297868
83701,113.87673633826647
83702,115.3287390716341
83703,138.05310854320322
83704,98.49989973706259
83705,137.3103815002333
83706,136.08374403363285
83707,156.87119012089556
83708,138.07433099379324
83709,89.87636914424765
83710,88.17429197598842
83711,91.32708113792971
83712,92.73413249609855
83713,105.86353755824963
83714,98.05199670939162
83715,93.70801485694066
83716,153.6460266482058
83717,151.39420883174
83718,92.90052231011266
83719,100.46043155177271
83720,93.05686389162206
83721,121.04221436818385
83722,88.84808347603892
83723,163.44285328778915
83724,99.77354056323868
83725,92.41713872442635
83726,98.05545535094127
83727,114.21200472645835
83728,149.73600683593406
83729,87.67662728679569
83730,165.59036589509077
83731,134.69593037525806
83732,89.40958666005629
83733,122.65187461410066
83734,162.3507594178895
83735,147.6107235725391
83736,112.72671644524591
83737,101.74332485888984
83738,175.73283506453384
83739,125.83808158442422
83740,145.5383007335567
83741,100.10073062012519
83742,106.47938256180235
83743,109.11340926201008
83744,104.82085103351851
83745,171.86333608260986
83746,101.91206724602985
83747,119.08227993115024
83748,173.787491050075
83749,114.60672528453914
83750,107.58741635515865
83751,121.6728781174735
83752,115.3315643726336
83753,104.45923249884193
83754,151.27181698852996
83755,143.06453242994343
83756,144.02173753407624
83757,107.7675233889834
83758,144.15787226343866
83759,139.38191850992524
83760,165.07044783134444
83761,106.94566262933954
83762,114.83756479794285
83763,117.95696902283014
83764,117.45408363620318
83765,87.49622990528935
83766,92.61587758704859
83767,172.59994921843793
83768,133.17297746960026
83769,140.11073159452997
83770,98.61619940741427
83771,107.35519921872655
83772,113.057722606864
83773,126.59265415347342
83774,155.67193006199471
83775,161.34605593964903
83776,158.5282535424182
83777,102.3028400309288
83778,90.8690579949717
83779,148.47939294424702
83780,117.60430714033062
83781,142.49962829859038
83782,125.79257584742605
83783,155.22109643421828
83784,148.47786724351027
83785,160.87340432077622
83786,111.3360246929745
83787,133.77681437602837
83788,114.7038549144974
83789,163.3407688214898
83790,88.93976879167566
83791,90.93030345650142
83792,96.37660012331496
83793,88.00726769547121
83794,115.36409234749699
83795,114.47439168864743
83796,85.82972536960916
83797,174.2796734556968
83798,138.90886432041845
83799,148.8402260230672
83800,177.8945638390041
83801,109.87242562602607
83802,112.5175158562035
83803,96.72611862854792
83804,163.36809948660613
83805,87.91871528678855
83806,107.5898310244033
83807,122.56223037245836
83808,141.0973302959514
83809,144.79294520147204
83810,115.83679533926978
83811,173.11875924231435
83812,112.9154372357183
83813,124.73639755284823
83814,145.83165624342303
83815,116.48885482996816
83816,153.14873808937284
83817,156.83941973561429
83818,102.2082741786313
83819,133.60522907847968
83820,117.09030512599968
83821,119.6025780114385
83822,125.27685954768121
83823,159.88700621812916
83824,132.18131877443113
83825,131.32583562325095
83826,123.49530341473697
83827,133.01263306237513
83828,105.05480803341219
83829,172.82465236982625
83830,110.85421901112777
83831,169.88441393162407
83832,89.71235956828052
83833,120.71754691808304
83834,98.3223537266329
83835,102.61790359948468
83836,115.8885629957406
83837,121.93809018002274
83838,169.9965850941764
83839,113.61026317468485
83840,95.15224874638797
83841,170.44110519511077
83842,121.42171006326332
83843,132.30327115601955
83844,110.94659148740199
83845,116.47352190261559
83846,177.3112225316172
83847,133.84341860060607
83848,125.46626604717595
83849,135.31501720863747
83850,97.5446462155286
83851,90.8489124049779
83852,87.29593450977477
83853,91.83647251844128
83854,114.4834702610814
83855,160.8189888262761
83856,157.75573724763484
83857,109.95442625451717
83858,152.9636952417829
83859,99.96242434630163
83860,93.83925510024476
83861,105.17711273982577
83862,124.872681941554
83863,120.80705944005122
83864,123.37523285674304
83865,167.1243747672658
83866,174.21540369132816
83867,134.04138410151256
83868,151.4346272892172
83869,107.52634124291568
83870,116.91251428170888
83871,119.04984633131166
83872,92.66771386498654
83873,135.89256518744975
83874,92.33919937105658
83875,109.29893498474537
83876,130.60243494316813
83877,124.89970369374502
83878,139.28154498896163
83879,138.68793523415093
83880,113.51665401626626
83881,104.84302119563448
83882,125.17872747244839
83883,155.69576085584424
83884,105.61997334437716
83885,88.83404095313297
83886,92.4149459527252
83887,122.85680377743886
83888,114.43630668529737
83889,108.11208316476957
83890,110.36180552949129
83891,115.62475968797987
83892,133.1506273778793
83893,106.52277489792478
83894,92.37622468701626
83895,114.6313744026955
83896,87.92283173742537
83897,144.45142233313942
83898,110.28927034673383
83899,115.38139804476994
83900,166.72469957050458
83901,88.54006448191915
83902,117.55848728200995
83903,134.77284576727578
83904,152.42723092183877
83905,122.51113556492776
83906,148.4002796131628
83907,119.55795669066545
83908,145.34481199574054
83909,131.5729291359218
83910,153.43385995268574
83911,161.15464907021737
83912,104.1028420112314
83913,159.84774149381082
83914,91.91638827170031
83915,101.68921488217221
83916,91.01106440709971
83917,121.98259447831246
83918,172.86678774811958
83919,109.46113218572596
83920,137.11064748898963
83921,142.69762968345498
83922,129.78790194075788
83923,110.53947196818093
83924,125.23023635468282
83925,103.37687601702173
83926,146.22305096377926
83927,109.41906522502144
83928,126.1422944782863
83929,97.1440718587062
83930,129.3049386218134
83931,144.9808626211763
83932,95.0920674124604
83933,97.45265534788452
83934,96.68722880777388
83935,92.84343367174826
83936,140.54710715619416
83937,98.5807876045849
83938,98.65315588447864
83939,139.67415129154648
83940,157.2102528799341
83941,106.68526449849743
83942,119.20937634852952
83943,106.04380733927631
83944,115.78862132022216
83945,92.47473228772459
83946,156.48466322297742
83947,142.41678555954252
83948,115.63401067600107
83949,100.61319429148135
83950,149.82371256255215
83951,121.11305972022699
83952,134.01651438284887
83953,167.00822381838083
83954,104.84008844780995
83955,139.51539450565065
83956,102.4962065631964
83957,150.71608093663235
83958,130.1427287197264
83959,116.72635639779521
83960,109.40636974757452
83961,126.6744153242196
83962,92.87837336862499
83963,163.66176493448484
83964,103.42329336679084
83965,120.74180624944198
83966,110.820857360414
83967,105.16031295774867
83968,109.60745919717205
83969,137.19714763548922
83970,142.7819236586442
83971,164.67894026183006
83972,103.71009638671241
83973,151.71510960277107
83974,116.20878001607188
83975,100.99944002955799
83976,169.71319893810033
83977,108.19134741272212
83978,86.6112568301193
83979,161.30649994334385
83980,101.5981754341626
83981,117.76377452407358
83982,141.96060533612558
83983,149.444019784876
83984,154.61977571760536
83985,109.76796270302755
83986,168.7331211668038
83987,126.88717684406494
83988,144.53183629359148
83989,146.5481362052567
83990,102.9565872748778
83991,105.09026388873313
83992,146.73556573727438
83993,135.78953643346466
83994,117.98475214242914
83995,136.05988431937504
83996,115.31680130831926
83997,90.33242328276152
83998,133.68076750660043
83999,94.35182653975973
84000,138.2415415908797
84001,135.93233518679625
84002,107.84283266122522
84003,95.21656498096992
84004,148.3006022861249
84005,169.19243636358647
84006,91.41290567626534
84007,126.96204586511855
84008,132.17596550726307
84009,131.20999266612233
84010,152.5140322755206
84011,93.60289044345474
84012,94.66703604153021
84013,127.56315788647642
84014,113.8671591383984
84015,101.30498031305974
84016,138.31088757863358
84017,111.69675038997336
84018,170.61832641702966
84019,119.81878930996184
84020,91.69322847852253
84021,167.8506379853954
84022,91.9698239630646
84023,141.6229657670828
84024,129.1660227440576
84025,144.20861640326126
84026,91.01554440145007
84027,154.69764215665333
84028,88.00130514890417
84029,124.33898050342403
84030,119.08248603937382
84031,87.41723290831739
84032,165.5517789789866
84033,138.4762747647864
84034,166.09754658766593
84035,100.6649511505771
84036,124.65054666006851
84037,91.71218800788215
84038,89.11832891381418
84039,127.04427241448487
84040,139.76233647203173
84041,90.01530265828258
84042,162.1929976893427
84043,99.7225463724803
84044,139.13582882503943
84045,150.94064348685725
84046,130.14021082673304
84047,112.97130526240345
84048,138.1167601185611
84049,128.69182898393098
84050,89.6315330708771
84051,151.2807352218012
84052,114.88284045128712
84053,148.211372310476
84054,104.12364559506942
84055,119.51483905356447
84056,118.79506232740682
84057,91.7193995174692
84058,141.3266843702475
84059,109.68226822627933
84060,139.23443206595306
84061,101.8224473856546
84062,109.85191537148283
84063,97.30268087597939
84064,115.30736264596105
84065,130.09995553746273
84066,113.03972966765285
84067,102.44545247527533
84068,124.95799808943805
84069,90.86228321247783
84070,102.92170415490479
84071,121.04302624093587
84072,87.41284810361388
84073,134.99643673369343
84074,119.7868423765121
84075,110.89253151308641
84076,116.92298128507188
84077,108.1864545089078
84078,134.07886616086256
84079,130.38924084301243
84080,150.75600600671254
84081,99.03979746756023
84082,169.3240007964855
84083,89.2149929127839
84084,172.63703467490842
84085,120.14964233591492
84086,115.79227820081628
84087,112.13341884035093
84088,86.33257573914715
84089,161.10983440143008
84090,164.74127463451737
84091,99.06531725738263
84092,96.45531898257245
84093,175.9194057316019
84094,117.36191135154591
84095,86.6092859480605
84096,99.61486786708308
84097,121.61215255270075
84098,143.25316760726184
84099,89.5537907718048
84100,144.128616676128
84101,137.27710915675306
84102,114.54077796777561
84103,144.83633066102078
84104,115.41052416078965
84105,113.05800510993673
84106,139.80606246976168
84107,127.18402419831683
84108,99.79689488552079
84109,101.26434943247385
84110,124.48543361387941
84111,167.41474625787447
84112,147.7123986106123
84113,104.60565301835435
84114,134.85447066334996
84115,152.207863468207
84116,150.77796758620195
84117,144.60928575949288
84118,126.08670655387418
84119,134.8134027553022
84120,122.62715241184584
84121,99.80496894587209
84122,135.87189472665335
84123,137.81916508995613
84124,135.09858248176005
84125,121.57927662655855
84126,174.5381434033872
84127,100.53363949861203
84128,120.56032775319018
84129,165.89171599276705
84130,135.87467570173214
84131,122.295524502442
84132,107.40165990361437
84133,163.73669306124089
84134,103.75165029190784
84135,106.1666342769743
84136,91.71048185570358
84137,117.16449539879723
84138,98.15634645289525
84139,86.98733887973096
84140,102.38388984934186
84141,122.12807172726362
84142,127.77354756851942
84143,154.36731275852884
84144,153.27456896082714
84145,122.01583022731235
84146,149.7581881723541
84147,102.1705931918441
84148,169.87554815572514
84149,149.12729625800773
84150,111.7399282586044
84151,111.1958503088225
84152,152.80662827238433
84153,139.30333568962317
84154,119.60752797670928
84155,87.63118465011654
84156,147.1508292441689
84157,90.32439194372931
84158,133.54227857265016
84159,126.8762767385676
84160,109.3270018441368
84161,109.89623220669294
84162,139.39388544845121
84163,121.35898108233589
84164,93.290271161239
84165,87.16040025103591
84166,116.73941437389082
84167,110.81763946541518
84168,91.46280552326151
84169,155.0548280708232
84170,111.75185474189529
84171,134.98667633640162
84172,146.94749309505357
84173,129.52725760485987
84174,173.86029629263362
84175,90.00974106585865
84176,89.97963732559357
84177,126.73947005393045
84178,107.28556105202473
84179,110.91658167799973
84180,169.32133198957996
84181,94.96508485925695
84182,143.62097621965597
84183,149.680315029751
84184,120.58967514821974
84185,90.43597870587895
84186,112.80096488664584
84187,128.006262346889
84188,158.78126877442946
84189,94.07010433364631
84190,116.40448793905996
84191,127.18718508514307
84192,146.78686957896463
84193,86.45209924456715
84194,97.87135067958714
84195,117.16828944125653
84196,155.06194782595492
84197,127.56828308475595
84198,112.21379136545427
84199,139.84399181039112
84200,91.38271944345315
84201,120.34833699013664
84202,172.66394552846606
84203,90.11657634036125
84204,91.93416169724263
84205,158.30209054792903
84206,114.0536931777125
84207,89.72519070187364
84208,98.36880129670878
84209,112.56139886167956
84210,165.933986639703
84211,91.19727220693333
84212,134.47618055851143
84213,117.85079784972693
84214,142.76662870337617
84215,148.08347701172931
84216,110.49878343388623
84217,146.35759065763517
84218,87.5163568548961
84219,148.60308866767184
84220,91.33090885115298
84221,94.5247836321224
84222,126.07186338235549
84223,108.46382677373508
84224,99.50182143532156
84225,89.96714255866253
84226,172.69170063758293
84227,146.5302807872023
84228,102.79595305136498
84229,118.16636282005784
84230,91.30043570762352
84231,95.58490494306493
84232,108.69468945971535
84233,96.33481095006933
84234,95.38657499983138
84235,115.42700817126077
84236,154.8004014921521
84237,123.26756727558701
84238,96.55026625259903
84239,173.7584693546226
84240,100.78348108946902
84241,174.2268970467914
84242,154.21937999367952
84243,127.05257142452986
84244,104.94760479025457
84245,116.35665643422506
84246,96.89627017064608
84247,140.1774751863892
84248,116.28985727588777
84249,122.1871125134259
84250,153.83285661352727
84251,98.03824382566684
84252,98.4101685344529
84253,115.70306095766814
84254,113.09467179002776
84255,150.79841727478305
84256,96.94105892699413
84257,116.95334971872093
84258,108.64221723611492
84259,156.22068498541057
84260,136.5510871188302
84261,123.31292558256366
84262,138.5093926058483
84263,167.35032450001216
84264,126.12170448643458
84265,120.29702452033983
84266,116.66909843596376
84267,115.36103311480908
84268,137.6850381735834
84269,141.14410950996438
84270,86.44807979697931
84271,161.8458285303455
84272,137.10371869537846
84273,160.2941269634929
84274,114.71274950920427
84275,143.70196100526965
84276,135.8689894742111
84277,117.97013655225764
84278,119.21335122738604
84279,111.58897323691629
84280,95.94302884873558
84281,116.86267693001487
84282,112.91480247556048
84283,154.53079159681067
84284,88.31505420985049
84285,130.66212543751436
84286,98.73066390687465
84287,93.35766502857528
84288,103.18803477037041
84289,101.03646474368979
84290,173.45363922019624
84291,151.77191860974426
84292,87.24774803354005
84293,106.7817335653747
84294,104.03411114325117
84295,89.99540411280255
84296,157.29139797591392
84297,118.55034655973476
84298,108.78003407830487
84299,143.05641617389722
84300,81.54423907458845
84301,104.93274522880682
84302,128.95299343867526
84303,115.48320545603774
84304,92.31430702662031
84305,115.41434881041123
84306,107.0720362380347
84307,110.33574118507023
84308,126.69108257282421
84309,99.77188481884885
84310,81.48768550410539
84311,167.80345941479933
84312,110.14932495079653
84313,149.73829976548615
84314,87.43872095292629
84315,110.67129646081831
84316,109.66145948276265
84317,110.70265263346279
84318,128.89359795267853
84319,125.04106781945522
84320,102.94688653585617
84321,167.4393224775489
84322,160.61640038197805
84323,133.3450543251862
84324,168.31266145499984
84325,119.71199100434531
84326,92.39534988207977
84327,109.9807620225332
84328,130.99766078111526
84329,95.819182282168
84330,94.33783648394471
84331,166.08275173809005
84332,126.60996098129225
84333,143.60918841360095
84334,105.70038823298434
84335,87.91007908331916
84336,109.86041952624136
84337,150.40047368764175
84338,160.65072508404776
84339,85.71959466044233
84340,87.81411030160847
84341,113.24368703401315
84342,134.43625713062642
84343,131.7026725225669
84344,126.36669741214747
84345,113.11997935964722
84346,165.68218506292396
84347,167.84290007567495
84348,103.35004363500771
84349,93.8103822929525
84350,128.31374071395084
84351,105.95175815535337
84352,117.25696451569668
84353,93.67607848274314
84354,109.69493403980995
84355,120.84983832006223
84356,136.89794188806172
84357,107.91223815141082
84358,106.66056548466686
84359,122.21325028382326
84360,125.72103661441194
84361,89.66151569092322
84362,93.72291817832034
84363,167.67795139324573
84364,111.72328635428046
84365,135.9495747841534
84366,102.12396722517708
84367,136.02680127021506
84368,92.01303117549413
84369,100.04566581666025
84370,155.59405642593208
84371,138.05146078391437
84372,137.09050154022236
84373,81.02252811254458
84374,80.67257403727932
84375,114.11180698831295
84376,158.9841532699345
84377,95.526136593424
84378,165.7043737104919
84379,138.75539165273648
84380,84.2341638885293
84381,80.73076114711795
84382,87.37397943040513
84383,95.73822148621532
84384,112.55012983471609
84385,92.9169592425305
84386,159.72450679233106
84387,151.838554789493
84388,141.64675591796885
84389,123.11694356746212
84390,158.29180756146587
84391,90.55487792940643
84392,159.62998655128678
84393,139.20184171827952
84394,98.84308044160314
84395,86.68186849152163
84396,104.715766009733
84397,109.73924775672488
84398,133.9824815943582
84399,116.18970326119582
84400,121.32927559485766
84401,100.05213811480736
84402,134.80272595290415
84403,110.8571456735021
84404,134.67713317641005
84405,102.95781608521268
84406,154.47196152125053
84407,105.79956263161945
84408,166.0596713676424
84409,109.59562174814495
84410,100.15549740232986
84411,140.81683733530406
84412,88.52441367680207
84413,113.88029198171374
84414,81.62933017218823
84415,121.74229198115806
84416,133.62400397765506
84417,97.46930331908472
84418,88.60495987134298
84419,148.36107915993122
84420,105.4367587812029
84421,129.28269056054017
84422,165.31595480489676
84423,101.96072651954232
84424,96.2214041122473
84425,90.60356361924083
84426,125.66764286244297
84427,92.8766024779115
84428,132.41369814443317
84429,110.33859632005802
84430,82.46442032640154
84431,109.85207202005115
84432,109.56617448145913
84433,165.92389573101764
84434,109.94004049884485
84435,91.97930201107478
84436,167.93000291136266
84437,83.2304441953611
84438,127.96229063241677
84439,85.23924224222766
84440,129.07544478973125
84441,106.97193404685886
84442,126.97028413541359
84443,89.83199618942506
84444,101.45654962855112
84445,167.08847499179308
84446,90.40472777368801
84447,81.68875224688294
84448,84.39618698858762
84449,110.12972795104399
84450,158.75998077284453
84451,113.33861649097453
84452,111.44994159783771
84453,108.57687703505864
84454,100.82336367563276
84455,109.7772855240694
84456,128.7215391822752
84457,105.56713296384872
84458,95.07917543980643
84459,112.4287019987138
84460,125.62847311542846
84461,123.27194041167787
84462,144.921307948268
84463,91.45218477744386
84464,174.06465915456062
84465,169.18539559486385
84466,88.57294218945661
84467,160.6802615350183
84468,100.96866910443329
84469,151.43220577391202
84470,139.5660121289917
84471,168.4063798258553
84472,18.537128672841632
84473,1.8188847156412322
84474,118.4953248171985
84475,118.3829157366345
84476,118.71507632372236
84477,118.294795797823
84478,117.43496289714899
84479,118.31812792457156
84480,118.36230313821973
84481,118.31144690786279
84482,153.92621715019885
84483,154.34167164681386
84484,153.8271193426591
84485,154.63693697529612
84486,128.97241495926278
84487,130.92054655066363
84488,151.99169995953065
84489,148.2075433334769
84490,148.04860694947547
84491,142.2064919807226
84492,142.42847614369575
84493,116.60273553131383
84494,114.74145575011359
84495,145.61586219721835
84496,154.44737936702296
84497,158.00594594528462
84498,142.11404457962715
84499,100.88967121572684
84500,141.78419231773023
84501,100.77053777773197
84502,101.27306584074235
84503,79.52703208805009
84504,111.38617265519666
84505,121.11084524414564
84506,101.787893873118
84507,115.88089654693498
84508,101.23594854154594
84509,95.45096946007887
84510,72.53349924273583
84511,118.91690153777138
84512,102.0429727439713
84513,97.07384038687415
84514,154.31435923341252
84515,103.53159415234809
84516,120.33871911596681
84517,102.75525501637743
84518,115.39341639779609
84519,155.403241993498
84520,131.43379860343384
84521,119.05279497415155
84522,123.35766118496086
84523,118.68821612898178
84524,109.6973055129151
84525,119.21760652640496
84526,113.41638555340383
84527,139.89288285645802
84528,135.65609863789803
84529,135.5141522465003
84530,113.53088797694508
84531,92.12889431025523
84532,149.53524418237953
84533,134.66418121960777
84534,113.90339349313534
84535,125.71978306494876
84536,27.514668610121177
84537,-18.022599964834725
84538,16.972262186900494
84539,1.3143761270118972
84540,-15.86054856534291
84541,-11.160558087222384
84542,8.166899733929043
84543,16.079402774479732
84544,18.685065718809724
84545,8.467433885201572
84546,144.7230488962901
84547,144.30481380718868
84548,144.18390833225817
84549,144.30238889164838
84550,130.97364773510333
84551,97.29775277580895
84552,234.37646422991259
84553,233.42533809883537
84554,210.00787140880539
84555,211.31106216423234
84556,210.07589135502778
84557,145.0919510556214
84558,138.40071239339056
84559,-37.14889617953911
84560,-30.998735024281117
84561,-49.460606131690085
84562,-52.07705923825175
84563,-20.326532459196684
84564,12.040890471569654
84565,-16.89946930528076
84566,-24.864741310451492
84567,-35.763231040933235
84568,-27.293723279013378
84569,5.5482738317331695
84570,-27.500926537819723
84571,-50.97130406886406
84572,-10.1083677884004
84573,-29.199301967432675
84574,-8.299391573085515
84575,-24.87194236864785
84576,-16.951366960566745
84577,-19.421535802086296
84578,0.7674866154022908
84579,-43.29159348869375
84580,-28.351772950939747
84581,-15.217881550523757
84582,-45.81650356688759
84583,15.538586306859159
84584,-0.35732378783238516
84585,-8.492394342208101
84586,-24.86546962507451
84587,21.968739463249833
84588,-31.515875686307297
84589,-20.452527564381327
84590,-26.42331382476077
84591,-25.72943698797728
84592,-24.864661418682758
84593,9.884085192639887
84594,49.783890509681314
84595,-31.013443907454345
84596,-34.545676917029695
84597,-24.835858358560287
84598,-9.017862874160002
84599,-45.03631024395689
84600,-37.15547997890563
84601,-47.67767171737522
84602,-24.855201587287567
84603,-8.00942313111581
84604,11.174249272780017
84605,-8.17900996881535
84606,7.044110342606658
84607,-33.64880365467745
84608,-53.808329052202325
84609,-0.27275027254175654
84610,6.8223678393373035
84611,22.913982089325614
84612,-24.864792516271038
84613,-42.426119426123066
84614,-29.242304413294548
84615,-39.80044869336761
84616,-36.70608489222637
84617,-42.41422071438602
84618,-8.165491966214333
84619,-24.87862735517062
84620,-34.035545858033416
84621,-23.968847671334956
84622,-33.63391854436621
84623,9.270271053589184
84624,-8.139866904210365
84625,-24.80325986331904
84626,-13.095586026598895
84627,-43.28997830039326
84628,-25.51845711136427
84629,11.025359192794994
84630,-23.09307803498062
84631,-35.72866509088924
84632,-51.21252066530711
84633,-24.80101725118645
84634,24.314944439704234
84635,-8.155211458254612
84636,-24.84603415786613
84637,-31.719897766550773
84638,-24.729866578680443
84639,-23.94719496083546
84640,-26.80029726735144
84641,-24.83670664038634
84642,4.045615738478617
84643,-42.41763528613869
84644,-17.66952644936343
84645,-53.726019061147426
84646,-27.530888244743252
84647,-38.04041968637249
84648,32.05546403037751
84649,-36.56081866834289
84650,-5.308925872488132
84651,-30.8432941560486
84652,-24.87737003583014
84653,-50.70396049627014
84654,-52.966628697861935
84655,-40.39336735802975
84656,6.2370533342976415
84657,-24.859366355382107
84658,-19.593344617392873
84659,-25.534176547222515
84660,-30.844629968251738
84661,-1.408135140901365
84662,-45.870030160563644
84663,-10.290080230471105
84664,-24.845937006898666
84665,-52.086192068346165
84666,-41.50908152762848
84667,-19.60421810820769
84668,-33.62984745539511
84669,7.683502065507369
84670,-45.05635460765136
84671,-40.20435470984124
84672,-32.71909883255897
84673,-29.22019525110464
84674,-17.78732827370264
84675,-1.6294079922379439
84676,-42.42180586397113
84677,-22.961758569689877
84678,-24.67308512726315
84679,-25.13029218127754
84680,-37.0856465729547
84681,-45.871934709032345
84682,-46.826198495140304
84683,3.244609626697084
84684,-30.679829248407245
84685,-39.794808835055946
84686,-23.92360112160189
84687,-52.93495704809253
84688,-53.80654338085064
84689,-36.930049060122016
84690,-45.768238230796825
84691,-21.351568075580857
84692,-22.01957929235759
84693,-22.920940889526534
84694,-24.873834628732524
84695,-19.35731940203668
84696,-40.668118451140955
84697,-43.26746666037404
84698,12.36592901973897
84699,-37.28605892169067
84700,-43.28701550599088
84701,-8.033856626094163
84702,13.040407886943015
84703,-31.005153459639146
84704,-8.028459147636298
84705,-42.34176070855385
84706,0.1352820533657706
84707,-32.750344222880514
84708,-13.628174894697779
84709,-8.516951770685367
84710,-41.49855452268757
84711,-4.551225065586365
84712,33.115090564656796
84713,-24.871452749393356
84714,-45.88377697534132
84715,-40.666278495008314
84716,11.449388275875762
84717,-46.71861613945519
84718,-8.01646592131435
84719,46.32658115483126
84720,-11.463479843515344
84721,-13.979890268056195
84722,-18.645142118320663
84723,-24.775489213799503
84724,-8.159136548152972
84725,8.523611614051916
84726,-52.90308587298175
84727,-37.125692954113944
84728,-23.07411281992465
84729,-8.085717998313001
84730,-22.122478817132546
84731,-32.76573848739183
84732,-16.933423101706623
84733,-37.15553626650258
84734,-15.166241497003611
84735,5.007454600311476
84736,-7.971433059757814
84737,-8.026441852402186
84738,-24.83609344045577
84739,0.08714508408682775
84740,-53.795731246302964
84741,-29.27215392902717
84742,-36.63509482309779
84743,-5.18123404637312
84744,-8.224449736905669
84745,-25.91758285826954
84746,-35.397846905136404
84747,-2.6741052378562955
84748,32.266395126074414
84749,-38.86851955647204
84750,-48.57254129367776
84751,-8.35049950638522
84752,-17.67874104341125
84753,-50.305200838125
84754,-28.260533076603323
84755,-32.753641765486336
84756,-8.178242320549444
84757,-24.87398921797306
84758,-20.314001246434927
84759,-8.101401408389862
84760,-35.395855335084704
84761,-8.514761247069075
84762,-44.175672099485425
84763,-40.67234594089079
84764,-24.847167859265298
84765,-23.724388502796657
84766,-49.45890076026812
84767,8.523064073832828
84768,-52.92254586360012
84769,-44.16872602407436
84770,-12.170521040696556
84771,-12.403717559084939
84772,-13.975659004037098
84773,-19.316690144848437
84774,-40.66374266458
84775,-22.983731771468044
84776,-50.24495555585075
84777,-48.433069925507354
84778,-1.8490779551135716
84779,-16.632517050689543
84780,-28.353619288586984
84781,-7.845836314394106
84782,-22.22354037691683
84783,-20.419391027386027
84784,-8.107439136565532
84785,-30.79730365589141
84786,-8.332984577049771
84787,-9.751534210989476
84788,-28.376703823835825
84789,-8.183088679062408
84790,-17.83825328815361
84791,-8.355515390722175
84792,-39.74232828955296
84793,-8.997839166977755
84794,-23.47339853800439
84795,-24.689969404744048
84796,-38.49196477928005
84797,-11.455817481117904
84798,-7.972660224120929
84799,-1.143953686574136
84800,-36.56709134245601
84801,11.325049052294546
84802,-47.679626469124614
84803,-24.861894832513983
84804,-38.00333280521839
84805,-3.701712686649145
84806,-24.871976493439135
84807,-35.40216512924009
84808,-26.363663600521605
84809,-39.77213581612067
84810,-8.235635881659348
84811,-26.616086548480993
84812,12.278018886976682
84813,-39.77057684976613
84814,-7.593199987491673
84815,6.924112560050915
84816,-24.86198411022825
84817,-37.31683546178941
84818,-42.42430076537788
84819,-24.578920928610003
84820,5.062585645509003
84821,-36.432236045008196
84822,-29.501204263720624
84823,-17.195320067260113
84824,-35.56591589687632
84825,-44.165460424549664
84826,-28.325399645037336
84827,-35.727333585877986
84828,-21.169422920361043
84829,2.358537301408788
84830,-8.02379030639527
84831,-51.16241519491301
84832,-50.1900723846873
84833,-43.15955324448889
84834,-25.178466537427013
84835,-24.857948473447593
84836,-24.858397623661503
84837,-31.029379814085402
84838,-0.9220187429137212
84839,-24.87497965324205
84840,-8.028742333679261
84841,-21.284449641818284
84842,-29.179602234409728
84843,-8.022439335607473
84844,-2.1339774670029925
84845,-36.83014079276931
84846,-5.557317768197905
84847,-35.24942225255079
84848,-24.864383567841898
84849,-8.032461935928566
84850,-37.976653881763966
84851,-19.52788276165704
84852,13.079146474420881
84853,-37.10929678959421
84854,-33.60536229813441
84855,-20.460705093768908
84856,-15.05260462423793
84857,-8.502273962451412
84858,-1.6494867891544942
84859,-53.77413618951225
84860,-18.845027005897848
84861,-26.39057359348378
84862,-45.93675080539178
84863,4.702302279233706
84864,-24.864836420614083
84865,-8.174223764797077
84866,-22.223966636364693
84867,-28.208435304678957
84868,-42.422657158383956
84869,-29.06846032484087
84870,-24.786359128406545
84871,-15.342374854434539
84872,-13.828310166884862
84873,-24.872267811835215
84874,-38.759228764958195
84875,-52.369956158745694
84876,-8.352957908565386
84877,-45.91374821799512
84878,-29.083690399454085
84879,-7.9980053944791365
84880,-20.483288797724683
84881,-22.028102906890112
84882,-36.264935072429964
84883,25.041090168077957
84884,-1.130899273524264
84885,-8.512242727659512
84886,-16.963394626170995
84887,-40.65982315153899
84888,-2.882362563578724
84889,-0.2903355579156113
84890,-24.85517171412077
84891,-24.872802292660012
84892,-24.761671737738695
84893,-24.86965271323497
84894,-8.032979016649378
84895,-11.53702713106297
84896,-48.580293505566075
84897,-20.47785204096202
84898,-51.168350942321055
84899,-9.169268601873014
84900,-26.18634485003828
84901,-34.48276335023023
84902,-52.673563558603846
84903,-46.82197306075015
84904,-43.29280160575426
84905,-10.59736718946219
84906,-19.77022113766877
84907,-37.988463396716256
84908,-37.14949469558722
84909,-19.582149274876926
84910,-24.850716058501504
84911,-44.13813842799787
84912,-2.7533902392092813
84913,-49.43569078243273
84914,-32.604282411577756
84915,-31.88710586457215
84916,-8.86508913197774
84917,-15.21461090576311
84918,-36.841748341902175
84919,-24.874366007885257
84920,-52.95220335707266
84921,-27.628233715001173
84922,-48.57218378105857
84923,-52.95073064129086
84924,-24.76441762940628
84925,-16.96914486485916
84926,-35.38124992441776
84927,-50.33166838677191
84928,-44.117297908258806
84929,-11.81245603751303
84930,-37.148301247130675
84931,2.578637854129127
84932,-8.071357063642793
84933,-28.34864186975109
84934,-31.893779973410673
84935,-52.074479288044685
84936,-24.85306276673701
84937,-26.57086987191478
84938,-24.866528361746063
84939,27.35673684744917
84940,-30.43683347607994
84941,-47.697039061351504
84942,-31.167660645635962
84943,-24.859439494740613
84944,-20.6147751450727
84945,-34.48795754472674
84946,-26.5468865397156
84947,-38.91195855313451
84948,-1.106193473705261
84949,-25.611257256034364
84950,-24.87517956403387
84951,-34.44291760709949
84952,-35.970738287132335
84953,22.96618327235801
84954,27.806612557084193
84955,-8.193646261696315
84956,-7.9743337561017285
84957,6.93806352269003
84958,-24.78663981366371
84959,-13.787445183731151
84960,-8.343397439080249
84961,-8.189709742157461
84962,-29.18606456100359
84963,-29.848928931451965
84964,39.617710592176124
84965,-24.84272557396035
84966,-11.517923503111447
84967,-16.653053548587323
84968,-38.82470484531932
84969,-5.826436283802721
84970,-8.330857925041059
84971,-24.862092087059906
84972,-34.5193688846645
84973,-20.630646363774233
84974,-27.420933930175934
84975,-26.61365752222143
84976,-15.571680136057083
84977,6.737976630344448
84978,-4.590605304711616
84979,4.685683134985609
84980,-8.331536718308385
84981,-8.141374983821166
84982,-25.536596741911225
84983,-21.205978526002426
84984,-0.9359525727045792
84985,-24.844238758782737
84986,-42.40316851908169
84987,-37.13918998040326
84988,-38.79890214784869
84989,-24.803567750942463
84990,-23.73522652614257
84991,-8.53063882457461
84992,-44.08790659433144
84993,-24.802696081104145
84994,-10.544852289177399
84995,-7.981575945291084
84996,-8.368018018514036
84997,-50.28254970090869
84998,-31.999575918118936
84999,-24.840628194232224
85000,-19.405571077847114
85001,-17.799973047628086
85002,-44.16901670431905
85003,-8.161184110883923
85004,-7.2281857305282955
85005,-23.27780945987071
85006,-28.906450042905917
85007,-32.75010997113792
85008,-24.87157946900662
85009,-26.61114714899601
85010,-24.841090826556282
85011,-33.638683861157986
85012,-20.970571139434426
85013,4.723453781149814
85014,-48.57479557070688
85015,-47.65489164972591
85016,-28.381811664843312
85017,-31.83855961323364
85018,-30.40453837130987
85019,-14.621347116987849
85020,-11.63616718543436
85021,-8.01358375122588
85022,-16.94906771832727
85023,-24.82813331177293
85024,-32.70817921842574
85025,14.494973426534827
85026,-17.770240255797447
85027,-8.097867700310886
85028,-17.750755995193956
85029,-36.930049060122016
85030,-48.49189498867706
85031,16.308497098679553
85032,-4.901641210150714
85033,-35.36998677702165
85034,-7.753602921355949
85035,-25.77137658572464
85036,-24.86411276577654
85037,-52.77686948951502
85038,-21.523376406844207
85039,8.754461260589053
85040,-8.184629184445768
85041,34.19832975755743
85042,-16.611981717191483
85043,-11.211727868389787
85044,-8.644285042595797
85045,-15.856788295072178
85046,-52.174953803199074
85047,-32.088572554530614
85048,24.95883622371788
85049,-32.163736306681685
85050,-37.327883120739486
85051,-22.278388803943628
85052,15.095845772743544
85053,-36.73530205541822
85054,26.72238281571471
85055,-26.02725409522894
85056,32.796595770018044
85057,-15.660246327208583
85058,-36.859640075656884
85059,-32.069212831106555
85060,2.128984707179896
85061,-15.567590892829102
85062,-15.672683415053868
85063,28.392982361356033
85064,30.909734024563377
85065,19.34781764672671
85066,2.785566496235859
85067,-15.31624654940775
85068,-12.674626388479666
85069,-15.828386051025674
85070,-11.162508820698847
85071,28.986328362458053
85072,-61.01279408770283
85073,-15.677040562473266
85074,-17.423610695458407
85075,35.25831047301854
85076,-43.53548296304335
85077,9.707464652247339
85078,-15.56544760521841
85079,4.332523845433926
85080,28.255888049123726
85081,-19.71462113253783
85082,-15.785180733605202
85083,-22.62354062308178
85084,-32.42909019662561
85085,-8.474421965936685
85086,24.087713621416086
85087,-2.6887157259722443
85088,-15.675423956964593
85089,9.610366420761991
85090,-2.3049806226824074
85091,40.42775683356213
85092,-15.661476325987948
85093,11.133621672789658
85094,-0.035023701621682335
85095,-13.236437989488635
85096,-12.054496607054816
85097,25.008106345329665
85098,-15.668027187780908
85099,-10.403325632416326
85100,-16.26038080847995
85101,-59.80785464476686
85102,-15.847268435532825
85103,-15.668808369976816
85104,41.497543907751734
85105,-15.663637792759388
85106,34.506396273439194
85107,-35.91740985976075
85108,-15.500929971624132
85109,-15.612347133336172
85110,-19.278173142881528
85111,-41.79657915356886
85112,30.6827894720969
85113,15.00312982909874
85114,-15.640537772584807
85115,40.38368925495935
85116,-27.89928336971603
85117,-32.09386609698318
85118,-32.290410901429354
85119,-11.065151199343674
85120,-19.003879758964572
85121,-46.733754105692256
85122,5.0499536365333455
85123,-30.740572010017743
85124,-29.100923610634098
85125,-23.769507576520127
85126,-46.87244297159022
85127,-45.349073954761465
85128,-31.37571889451796
85129,-19.4725692014798
85130,-8.675311864262184
85131,-19.29845753397889
85132,-40.13089489305723
85133,-29.057889325331033
85134,-16.74782675653894
85135,-19.376574145520536
85136,-2.560258973489752
85137,-44.54796920626329
85138,-25.268503454893036
85139,-39.62687304595816
85140,36.48214186223633
85141,-47.82730305477095
85142,-22.108679872281485
85143,-19.46250082993943
85144,-19.27747360720447
85145,-47.560495423983596
85146,-36.492921041319065
85147,-19.408965762124026
85148,-20.24060724266532
85149,-29.930768964855233
85150,-44.528555442603434
85151,-19.26904779634559
85152,-18.995413798140916
85153,-29.890908923292457
85154,-1.6653023157378612
85155,-0.9663403324696702
85156,-28.135766297700812
85157,-18.773667750924616
85158,-45.59326150067058
85159,-43.17054936261634
85160,-48.413198274102214
85161,-1.7540270351278053
85162,2.666806830840599
85163,-19.464099078116888
85164,-43.69805477221253
85165,-27.003594415313742
85166,-2.7951146349898153
85167,-19.394667230033335
85168,-46.8078507215629
85169,-3.60890072972812
85170,-30.77497747199807
85171,21.842316558626905
85172,-2.62414047912209
85173,-19.196220831973008
85174,-19.440304868110573
85175,-44.69803245352101
85176,-3.0691419016786057
85177,-2.896051018719433
85178,-42.271444112390995
85179,-48.1543390196632
85180,-27.966514272313063
85181,-19.426278940743842
85182,-15.884895446821602
85183,-0.072432890213733
85184,-30.68878322809111
85185,-31.746259490192713
85186,-31.529631931677656
85187,-31.021377290383654
85188,-31.456271392611214
85189,23.47856152459893
85190,-31.598261825015484
85191,-19.326116371358992
85192,-14.902022589958577
85193,-25.472985919375603
85194,-29.040839759095846
85195,-19.271987967237564
85196,-2.6591110397755955
85197,-48.11971373144654
85198,-23.78633868190711
85199,-35.97562908825422
85200,-27.274948040411132
85201,-2.5253090584075863
85202,26.321171821534804
85203,-12.230971160029853
85204,41.31477655473056
85205,-46.31226939191562
85206,7.134502426181214
85207,-31.61690520085834
85208,-14.045055150701259
85209,-2.644765283344057
85210,-47.60600670683492
85211,-26.22145017758878
85212,-19.422423477480905
85213,-27.69603540995577
85214,-19.40511627221464
85215,-37.834062943948695
85216,35.8287319097805
85217,-5.385358853371386
85218,-30.541614148972982
85219,-28.066958156336327
85220,19.393384248713616
85221,-32.57728454350463
85222,-30.333457903204746
85223,-47.541071020676426
85224,-48.41704303785143
85225,-2.4946292640052974
85226,-31.639972548453258
85227,-44.331791896094686
85228,-7.740493716258712
85229,-47.77310813735092
85230,-40.70248391597197
85231,-48.19161932645456
85232,-12.74226517275845
85233,-2.6686566734273214
85234,-19.02500410289808
85235,-25.610545100351956
85236,-2.9228229078915575
85237,6.2667798379909385
85238,-19.402119545746203
85239,-29.83238193092926
85240,-30.667105689660687
85241,-3.4891982779561914
85242,22.092350460267753
85243,30.828282144365048
85244,-2.668877442336097
85245,-5.418387369761419
85246,-30.842757440553115
85247,35.235881615895025
85248,-19.398540004315052
85249,-22.274568209042044
85250,-11.514209948696092
85251,-0.7255824868981477
85252,-0.8972359456679015
85253,-19.404547154797612
85254,-45.761648171974244
85255,29.821241709055087
85256,-32.39788055803409
85257,-42.78229270738761
85258,-48.085569662875415
85259,-28.20415410187475
85260,-16.767988572095888
85261,-5.835522689529725
85262,-2.9514511135734978
85263,-30.68530939342004
85264,-20.97276059398179
85265,-2.4111933681077033
85266,-0.12303026810239714
85267,-42.27082731354217
85268,-19.067318614092315
85269,-20.16105824347717
85270,30.71745304373259
85271,-2.675109182480398
85272,-12.246232370281902
85273,-31.394448432476523
85274,-18.474498034914305
85275,-2.7535527580576087
85276,-33.39819491655523
85277,-19.445843591086074
85278,-27.19954399678919
85279,-2.7102227990939554
85280,-2.9232613585917733
85281,-15.837485220221268
85282,-40.11631862832043
85283,-46.7884480137577
85284,35.04126022964577
85285,-17.614061714965217
85286,-30.798222948059404
85287,-22.031061687764222
85288,-19.20134498950678
85289,-0.9831235658658812
85290,20.237184587207835
85291,-22.550881308961564
85292,22.087050153740208
85293,-28.24515823832546
85294,-25.728317641290047
85295,11.671057129126282
85296,-28.07952040568152
85297,-47.5181867597925
85298,-24.908008343510645
85299,-2.724298707797331
85300,-21.14626769539332
85301,-43.276096341038325
85302,4.279150664424051
85303,-42.09810519836749
85304,-19.361438772908954
85305,-47.57476867631813
85306,-47.985464747199345
85307,-29.929921410265862
85308,-44.842912292619346
85309,-24.7128116956617
85310,-27.16041140170752
85311,-48.35404447334783
85312,55.91247441397901
85313,21.383425820170018
85314,20.992686161853825
85315,-19.10585843648896
85316,9.644846752306975
85317,-28.11140415942502
85318,-29.91050879655843
85319,-24.60242233586338
85320,-29.160538703201
85321,6.386867991808643
85322,34.53644724614658
85323,-30.831537343189083
85324,-26.429598632585098
85325,-44.5210368063171
85326,26.430686728174678
85327,-26.363870924535505
85328,20.99704536770902
85329,-41.390958257884805
85330,-30.811193473307085
85331,-42.2483355079287
85332,-32.4885985516829
85333,-36.081380672980586
85334,-18.91339748536275
85335,-17.292269359490817
85336,33.763951697744105
85337,-46.56347463979249
85338,-48.370383073243985
85339,-47.89539928712402
85340,-24.685313828312914
85341,-19.39780662174566
85342,-41.316962918255555
85343,-20.220317355937837
85344,-47.13759976689961
85345,-29.369404573226618
85346,-19.464619579585403
85347,53.43763910729204
85348,-31.777074584877695
85349,-25.43161159485807
85350,-30.506446885005985
85351,-2.4582101173737527
85352,-48.072613936195964
85353,-26.396635080241097
85354,-37.84115136552795
85355,-45.26623211001812
85356,-2.4827997043679915
85357,-19.42468914399528
85358,-19.639851304925955
85359,55.34322665394937
85360,-28.104694175916663
85361,-3.5969515248534805
85362,-41.360599206729276
85363,-40.31805539386072
85364,-32.578932402123044
85365,-32.9986292479512
85366,-23.76430015756607
85367,14.033883830453604
85368,-26.495380249568555
85369,-21.197951784135356
85370,21.105270402885296
85371,-29.007192032970792
85372,-2.9479740144610815
85373,7.048821516663267
85374,-0.05500740220828959
85375,-2.634052154242326
85376,-18.705268877065024
85377,-32.11629314629157
85378,19.23539117670201
85379,-0.9909614398293485
85380,-19.434634305755353
85381,-3.4217089385497133
85382,-22.14372353295242
85383,22.342687954661912
85384,-44.786732572112626
85385,-4.968587568641951
85386,-2.529383338859688
85387,-46.533798039150824
85388,-29.05910415753651
85389,-2.7217041400825366
85390,5.225587497398195
85391,-46.53025198435951
85392,-19.402263079132112
85393,8.02490626351549
85394,-42.265891231888716
85395,-16.31298879893241
85396,-7.674254940264248
85397,-27.56976669630849
85398,-47.48305486037826
85399,-28.730320200504835
85400,-7.107235069581137
85401,-43.96328426950056
85402,-15.70681492309437
85403,-30.006418662088308
85404,-30.07906128389574
85405,-30.589009748039146
85406,-8.93500819499711
85407,-2.5316550823676067
85408,-30.82124444836178
85409,-29.71934254597211
85410,-2.866959014636123
85411,11.321927906167716
85412,-42.963864910501755
85413,-48.42204421559539
85414,-11.348319380571624
85415,0.9071266047632349
85416,-38.65348653277597
85417,-12.679635037989684
85418,-2.784457650413586
85419,-19.300585425025204
85420,36.33509064241788
85421,-22.497062863916156
85422,-31.454122631059377
85423,-32.91121175767505
85424,-46.80388576062016
85425,-8.141614789232236
85426,-19.457168362004936
85427,-28.054525851108863
85428,-45.56640410271713
85429,-40.40301159572037
85430,-37.02809548314603
85431,-8.613057411060552
85432,-28.667702717793432
85433,-16.157890401609208
85434,-39.475329782980296
85435,-2.6005875834648435
85436,-47.7433038533605
85437,-12.534389604200939
85438,-46.64162899610672
85439,-17.69222634156914
85440,-15.798200053269582
85441,-29.094730847067908
85442,14.566434736806102
85443,-19.097737782477182
85444,5.340420981701541
85445,-2.7189180611848514
85446,-29.5602157090767
85447,-2.7564205168279017
85448,23.673112659264163
85449,-32.20167890971082
85450,-2.615324908041984
85451,-0.8305234331928233
85452,-26.058058000260033
85453,39.3423176115878
85454,-19.361865314167304
85455,-18.50383174044454
85456,12.430415563885347
85457,-46.499589238876624
85458,-26.450945355360787
85459,-43.10779491776863
85460,-29.994778250968082
85461,-20.277799435525807
